utc_timestamp,country,source,power_output_mw,capacity_mw
2019-06-01T00:00:00Z,DE,Wind,5626.0,49370.0
2019-06-01T01:00:00Z,DE,Wind,6451.0,49370.0
2019-06-01T02:00:00Z,DE,Wind,7420.0,49370.0
2019-06-01T03:00:00Z,DE,Wind,8462.0,49370.0
2019-06-01T04:00:00Z,DE,Wind,9152.0,49370.0
2019-06-01T05:00:00Z,DE,Wind,8151.0,49370.0
2019-06-01T06:00:00Z,DE,Wind,7089.0,49370.0
2019-06-01T07:00:00Z,DE,Wind,7300.0,49370.0
2019-06-01T08:00:00Z,DE,Wind,8231.0,49370.0
2019-06-01T09:00:00Z,DE,Wind,8295.0,49370.0
2019-06-01T10:00:00Z,DE,Wind,8291.0,49370.0
2019-06-01T11:00:00Z,DE,Wind,7881.0,49370.0
2019-06-01T12:00:00Z,DE,Wind,6930.0,49370.0
2019-06-01T13:00:00Z,DE,Wind,6115.0,49370.0
2019-06-01T14:00:00Z,DE,Wind,5387.0,49370.0
2019-06-01T15:00:00Z,DE,Wind,4463.0,49370.0
2019-06-01T16:00:00Z,DE,Wind,3850.0,49370.0
2019-06-01T17:00:00Z,DE,Wind,3043.0,49370.0
2019-06-01T18:00:00Z,DE,Wind,2395.0,49370.0
2019-06-01T19:00:00Z,DE,Wind,2400.0,49370.0
2019-06-01T20:00:00Z,DE,Wind,2378.0,49370.0
2019-06-01T21:00:00Z,DE,Wind,2151.0,49370.0
2019-06-01T22:00:00Z,DE,Wind,2230.0,49370.0
2019-06-01T23:00:00Z,DE,Wind,2825.0,49370.0
2019-06-02T00:00:00Z,DE,Wind,3557.0,49370.0
2019-06-02T01:00:00Z,DE,Wind,4668.0,49370.0
2019-06-02T02:00:00Z,DE,Wind,5673.0,49370.0
2019-06-02T03:00:00Z,DE,Wind,6822.0,49370.0
2019-06-02T04:00:00Z,DE,Wind,7573.0,49370.0
2019-06-02T05:00:00Z,DE,Wind,6805.0,49370.0
2019-06-02T06:00:00Z,DE,Wind,4802.0,49370.0
2019-06-02T07:00:00Z,DE,Wind,3951.0,49370.0
2019-06-02T08:00:00Z,DE,Wind,4555.0,49370.0
2019-06-02T09:00:00Z,DE,Wind,5639.0,49370.0
2019-06-02T10:00:00Z,DE,Wind,6820.0,49370.0
2019-06-02T11:00:00Z,DE,Wind,8106.0,49370.0
2019-06-02T12:00:00Z,DE,Wind,9199.0,49370.0
2019-06-02T13:00:00Z,DE,Wind,9589.0,49370.0
2019-06-02T14:00:00Z,DE,Wind,9593.0,49370.0
2019-06-02T15:00:00Z,DE,Wind,9160.0,49370.0
2019-06-02T16:00:00Z,DE,Wind,8396.0,49370.0
2019-06-02T17:00:00Z,DE,Wind,7733.0,49370.0
2019-06-02T18:00:00Z,DE,Wind,7586.0,49370.0
2019-06-02T19:00:00Z,DE,Wind,9774.0,49370.0
2019-06-02T20:00:00Z,DE,Wind,13395.0,49370.0
2019-06-02T21:00:00Z,DE,Wind,17984.0,49370.0
2019-06-02T22:00:00Z,DE,Wind,19625.0,49370.0
2019-06-02T23:00:00Z,DE,Wind,19611.0,49370.0
2019-06-03T00:00:00Z,DE,Wind,18237.0,49370.0
2019-06-03T01:00:00Z,DE,Wind,15434.0,49370.0
2019-06-03T02:00:00Z,DE,Wind,13405.0,49370.0
2019-06-03T03:00:00Z,DE,Wind,13820.0,49370.0
2019-06-03T04:00:00Z,DE,Wind,12616.0,49370.0
2019-06-03T05:00:00Z,DE,Wind,9700.0,49370.0
2019-06-03T06:00:00Z,DE,Wind,6745.0,49370.0
2019-06-03T07:00:00Z,DE,Wind,5343.0,49370.0
2019-06-03T08:00:00Z,DE,Wind,4757.0,49370.0
2019-06-03T09:00:00Z,DE,Wind,5533.0,49370.0
2019-06-03T10:00:00Z,DE,Wind,7204.0,49370.0
2019-06-03T11:00:00Z,DE,Wind,8624.0,49370.0
2019-06-03T12:00:00Z,DE,Wind,10018.0,49370.0
2019-06-03T13:00:00Z,DE,Wind,9845.0,49370.0
2019-06-03T14:00:00Z,DE,Wind,9083.0,49370.0
2019-06-03T15:00:00Z,DE,Wind,8543.0,49370.0
2019-06-03T16:00:00Z,DE,Wind,7017.0,49370.0
2019-06-03T17:00:00Z,DE,Wind,8222.0,49370.0
2019-06-03T18:00:00Z,DE,Wind,7055.0,49370.0
2019-06-03T19:00:00Z,DE,Wind,4964.0,49370.0
2019-06-03T20:00:00Z,DE,Wind,3494.0,49370.0
2019-06-03T21:00:00Z,DE,Wind,3158.0,49370.0
2019-06-03T22:00:00Z,DE,Wind,2601.0,49370.0
2019-06-03T23:00:00Z,DE,Wind,2068.0,49370.0
2019-06-04T00:00:00Z,DE,Wind,1573.0,49370.0
2019-06-04T01:00:00Z,DE,Wind,1756.0,49370.0
2019-06-04T02:00:00Z,DE,Wind,2414.0,49370.0
2019-06-04T03:00:00Z,DE,Wind,2984.0,49370.0
2019-06-04T04:00:00Z,DE,Wind,3093.0,49370.0
2019-06-04T05:00:00Z,DE,Wind,2501.0,49370.0
2019-06-04T06:00:00Z,DE,Wind,1856.0,49370.0
2019-06-04T07:00:00Z,DE,Wind,1513.0,49370.0
2019-06-04T08:00:00Z,DE,Wind,1551.0,49370.0
2019-06-04T09:00:00Z,DE,Wind,1897.0,49370.0
2019-06-04T10:00:00Z,DE,Wind,2044.0,49370.0
2019-06-04T11:00:00Z,DE,Wind,2514.0,49370.0
2019-06-04T12:00:00Z,DE,Wind,3427.0,49370.0
2019-06-04T13:00:00Z,DE,Wind,4628.0,49370.0
2019-06-04T14:00:00Z,DE,Wind,6037.0,49370.0
2019-06-04T15:00:00Z,DE,Wind,7863.0,49370.0
2019-06-04T16:00:00Z,DE,Wind,9884.0,49370.0
2019-06-04T17:00:00Z,DE,Wind,12899.0,49370.0
2019-06-04T18:00:00Z,DE,Wind,16289.0,49370.0
2019-06-04T19:00:00Z,DE,Wind,20433.0,49370.0
2019-06-04T20:00:00Z,DE,Wind,23199.0,49370.0
2019-06-04T21:00:00Z,DE,Wind,24313.0,49370.0
2019-06-04T22:00:00Z,DE,Wind,23285.0,49370.0
2019-06-04T23:00:00Z,DE,Wind,20440.0,49370.0
2019-06-05T00:00:00Z,DE,Wind,17569.0,49370.0
2019-06-05T01:00:00Z,DE,Wind,15566.0,49370.0
2019-06-05T02:00:00Z,DE,Wind,15132.0,49370.0
2019-06-05T03:00:00Z,DE,Wind,14086.0,49370.0
2019-06-05T04:00:00Z,DE,Wind,12379.0,49370.0
2019-06-05T05:00:00Z,DE,Wind,9667.0,49370.0
2019-06-05T06:00:00Z,DE,Wind,6272.0,49370.0
2019-06-05T07:00:00Z,DE,Wind,3693.0,49370.0
2019-06-05T08:00:00Z,DE,Wind,2837.0,49370.0
2019-06-05T09:00:00Z,DE,Wind,2431.0,49370.0
2019-06-05T10:00:00Z,DE,Wind,2377.0,49370.0
2019-06-05T11:00:00Z,DE,Wind,2508.0,49370.0
2019-06-05T12:00:00Z,DE,Wind,2860.0,49370.0
2019-06-05T13:00:00Z,DE,Wind,3451.0,49370.0
2019-06-05T14:00:00Z,DE,Wind,3980.0,49370.0
2019-06-05T15:00:00Z,DE,Wind,4879.0,49370.0
2019-06-05T16:00:00Z,DE,Wind,6529.0,49370.0
2019-06-05T17:00:00Z,DE,Wind,8368.0,49370.0
2019-06-05T18:00:00Z,DE,Wind,9954.0,49370.0
2019-06-05T19:00:00Z,DE,Wind,13450.0,49370.0
2019-06-05T20:00:00Z,DE,Wind,17938.0,49370.0
2019-06-05T21:00:00Z,DE,Wind,22713.0,49370.0
2019-06-05T22:00:00Z,DE,Wind,24566.0,49370.0
2019-06-05T23:00:00Z,DE,Wind,24140.0,49370.0
2019-06-06T00:00:00Z,DE,Wind,24425.0,49370.0
2019-06-06T01:00:00Z,DE,Wind,23838.0,49370.0
2019-06-06T02:00:00Z,DE,Wind,22611.0,49370.0
2019-06-06T03:00:00Z,DE,Wind,19829.0,49370.0
2019-06-06T04:00:00Z,DE,Wind,15416.0,49370.0
2019-06-06T05:00:00Z,DE,Wind,12435.0,49370.0
2019-06-06T06:00:00Z,DE,Wind,11354.0,49370.0
2019-06-06T07:00:00Z,DE,Wind,11501.0,49370.0
2019-06-06T08:00:00Z,DE,Wind,13475.0,49370.0
2019-06-06T09:00:00Z,DE,Wind,15209.0,49370.0
2019-06-06T10:00:00Z,DE,Wind,17315.0,49370.0
2019-06-06T11:00:00Z,DE,Wind,18583.0,49370.0
2019-06-06T12:00:00Z,DE,Wind,18598.0,49370.0
2019-06-06T13:00:00Z,DE,Wind,18523.0,49370.0
2019-06-06T14:00:00Z,DE,Wind,17953.0,49370.0
2019-06-06T15:00:00Z,DE,Wind,15497.0,49370.0
2019-06-06T16:00:00Z,DE,Wind,12720.0,49370.0
2019-06-06T17:00:00Z,DE,Wind,9964.0,49370.0
2019-06-06T18:00:00Z,DE,Wind,7199.0,49370.0
2019-06-06T19:00:00Z,DE,Wind,5463.0,49370.0
2019-06-06T20:00:00Z,DE,Wind,4711.0,49370.0
2019-06-06T21:00:00Z,DE,Wind,3866.0,49370.0
2019-06-06T22:00:00Z,DE,Wind,3404.0,49374.0
2019-06-06T23:00:00Z,DE,Wind,3386.0,49374.0
2019-06-07T00:00:00Z,DE,Wind,3375.0,49374.0
2019-06-07T01:00:00Z,DE,Wind,3293.0,49374.0
2019-06-07T02:00:00Z,DE,Wind,3233.0,49374.0
2019-06-07T03:00:00Z,DE,Wind,3635.0,49374.0
2019-06-07T04:00:00Z,DE,Wind,4013.0,49374.0
2019-06-07T05:00:00Z,DE,Wind,3771.0,49374.0
2019-06-07T06:00:00Z,DE,Wind,3681.0,49374.0
2019-06-07T07:00:00Z,DE,Wind,4798.0,49374.0
2019-06-07T08:00:00Z,DE,Wind,6422.0,49374.0
2019-06-07T09:00:00Z,DE,Wind,7375.0,49374.0
2019-06-07T10:00:00Z,DE,Wind,8148.0,49374.0
2019-06-07T11:00:00Z,DE,Wind,9368.0,49374.0
2019-06-07T12:00:00Z,DE,Wind,10701.0,49374.0
2019-06-07T13:00:00Z,DE,Wind,12179.0,49374.0
2019-06-07T14:00:00Z,DE,Wind,13501.0,49374.0
2019-06-07T15:00:00Z,DE,Wind,15088.0,49374.0
2019-06-07T16:00:00Z,DE,Wind,16994.0,49374.0
2019-06-07T17:00:00Z,DE,Wind,19080.0,49374.0
2019-06-07T18:00:00Z,DE,Wind,21499.0,49374.0
2019-06-07T19:00:00Z,DE,Wind,23240.0,49374.0
2019-06-07T20:00:00Z,DE,Wind,24023.0,49374.0
2019-06-07T21:00:00Z,DE,Wind,24324.0,49374.0
2019-06-07T22:00:00Z,DE,Wind,24182.0,49374.0
2019-06-07T23:00:00Z,DE,Wind,24050.0,49374.0
2019-06-08T00:00:00Z,DE,Wind,23753.0,49374.0
2019-06-08T01:00:00Z,DE,Wind,24197.0,49374.0
2019-06-08T02:00:00Z,DE,Wind,24707.0,49374.0
2019-06-08T03:00:00Z,DE,Wind,25774.0,49374.0
2019-06-08T04:00:00Z,DE,Wind,27289.0,49374.0
2019-06-08T05:00:00Z,DE,Wind,28168.0,49374.0
2019-06-08T06:00:00Z,DE,Wind,30682.0,49374.0
2019-06-08T07:00:00Z,DE,Wind,32117.0,49374.0
2019-06-08T08:00:00Z,DE,Wind,33025.0,49374.0
2019-06-08T09:00:00Z,DE,Wind,31930.0,49374.0
2019-06-08T10:00:00Z,DE,Wind,28370.0,49374.0
2019-06-08T11:00:00Z,DE,Wind,24862.0,49374.0
2019-06-08T12:00:00Z,DE,Wind,21412.0,49374.0
2019-06-08T13:00:00Z,DE,Wind,22230.0,49374.0
2019-06-08T14:00:00Z,DE,Wind,24206.0,49374.0
2019-06-08T15:00:00Z,DE,Wind,28567.0,49374.0
2019-06-08T16:00:00Z,DE,Wind,27622.0,49374.0
2019-06-08T17:00:00Z,DE,Wind,25692.0,49374.0
2019-06-08T18:00:00Z,DE,Wind,21811.0,49374.0
2019-06-08T19:00:00Z,DE,Wind,19556.0,49374.0
2019-06-08T20:00:00Z,DE,Wind,19279.0,49374.0
2019-06-08T21:00:00Z,DE,Wind,20006.0,49374.0
2019-06-08T22:00:00Z,DE,Wind,19964.0,49374.0
2019-06-08T23:00:00Z,DE,Wind,19982.0,49374.0
2019-06-09T00:00:00Z,DE,Wind,19140.0,49374.0
2019-06-09T01:00:00Z,DE,Wind,17827.0,49374.0
2019-06-09T02:00:00Z,DE,Wind,16964.0,49374.0
2019-06-09T03:00:00Z,DE,Wind,15815.0,49374.0
2019-06-09T04:00:00Z,DE,Wind,13262.0,49374.0
2019-06-09T05:00:00Z,DE,Wind,9748.0,49374.0
2019-06-09T06:00:00Z,DE,Wind,7795.0,49374.0
2019-06-09T07:00:00Z,DE,Wind,6981.0,49374.0
2019-06-09T08:00:00Z,DE,Wind,6734.0,49374.0
2019-06-09T09:00:00Z,DE,Wind,6349.0,49374.0
2019-06-09T10:00:00Z,DE,Wind,5783.0,49374.0
2019-06-09T11:00:00Z,DE,Wind,4700.0,49374.0
2019-06-09T12:00:00Z,DE,Wind,3332.0,49374.0
2019-06-09T13:00:00Z,DE,Wind,2519.0,49374.0
2019-06-09T14:00:00Z,DE,Wind,2195.0,49374.0
2019-06-09T15:00:00Z,DE,Wind,2252.0,49374.0
2019-06-09T16:00:00Z,DE,Wind,2506.0,49374.0
2019-06-09T17:00:00Z,DE,Wind,3232.0,49374.0
2019-06-09T18:00:00Z,DE,Wind,4326.0,49374.0
2019-06-09T19:00:00Z,DE,Wind,5787.0,49374.0
2019-06-09T20:00:00Z,DE,Wind,7299.0,49374.0
2019-06-09T21:00:00Z,DE,Wind,8016.0,49374.0
2019-06-09T22:00:00Z,DE,Wind,8093.0,49374.0
2019-06-09T23:00:00Z,DE,Wind,7898.0,49374.0
2019-06-10T00:00:00Z,DE,Wind,7716.0,49374.0
2019-06-10T01:00:00Z,DE,Wind,7872.0,49374.0
2019-06-10T02:00:00Z,DE,Wind,8268.0,49374.0
2019-06-10T03:00:00Z,DE,Wind,8526.0,49374.0
2019-06-10T04:00:00Z,DE,Wind,8776.0,49374.0
2019-06-10T05:00:00Z,DE,Wind,8435.0,49374.0
2019-06-10T06:00:00Z,DE,Wind,7457.0,49374.0
2019-06-10T07:00:00Z,DE,Wind,7231.0,49374.0
2019-06-10T08:00:00Z,DE,Wind,7249.0,49374.0
2019-06-10T09:00:00Z,DE,Wind,7554.0,49374.0
2019-06-10T10:00:00Z,DE,Wind,8265.0,49374.0
2019-06-10T11:00:00Z,DE,Wind,8741.0,49374.0
2019-06-10T12:00:00Z,DE,Wind,8727.0,49374.0
2019-06-10T13:00:00Z,DE,Wind,9219.0,49374.0
2019-06-10T14:00:00Z,DE,Wind,10231.0,49374.0
2019-06-10T15:00:00Z,DE,Wind,11200.0,49374.0
2019-06-10T16:00:00Z,DE,Wind,11940.0,49374.0
2019-06-10T17:00:00Z,DE,Wind,12310.0,49374.0
2019-06-10T18:00:00Z,DE,Wind,12888.0,49374.0
2019-06-10T19:00:00Z,DE,Wind,12730.0,49374.0
2019-06-10T20:00:00Z,DE,Wind,11801.0,49374.0
2019-06-10T21:00:00Z,DE,Wind,11506.0,49374.0
2019-06-10T22:00:00Z,DE,Wind,11656.0,49374.0
2019-06-10T23:00:00Z,DE,Wind,11005.0,49374.0
2019-06-11T00:00:00Z,DE,Wind,10469.0,49374.0
2019-06-11T01:00:00Z,DE,Wind,9951.0,49374.0
2019-06-11T02:00:00Z,DE,Wind,9432.0,49374.0
2019-06-11T03:00:00Z,DE,Wind,9390.0,49374.0
2019-06-11T04:00:00Z,DE,Wind,8409.0,49374.0
2019-06-11T05:00:00Z,DE,Wind,7251.0,49374.0
2019-06-11T06:00:00Z,DE,Wind,5685.0,49374.0
2019-06-11T07:00:00Z,DE,Wind,4457.0,49374.0
2019-06-11T08:00:00Z,DE,Wind,3788.0,49374.0
2019-06-11T09:00:00Z,DE,Wind,3279.0,49374.0
2019-06-11T10:00:00Z,DE,Wind,2914.0,49374.0
2019-06-11T11:00:00Z,DE,Wind,2780.0,49374.0
2019-06-11T12:00:00Z,DE,Wind,2915.0,49374.0
2019-06-11T13:00:00Z,DE,Wind,2796.0,49374.0
2019-06-11T14:00:00Z,DE,Wind,3153.0,49374.0
2019-06-11T15:00:00Z,DE,Wind,3296.0,49374.0
2019-06-11T16:00:00Z,DE,Wind,4506.0,49374.0
2019-06-11T17:00:00Z,DE,Wind,4974.0,49374.0
2019-06-11T18:00:00Z,DE,Wind,4817.0,49374.0
2019-06-11T19:00:00Z,DE,Wind,5842.0,49374.0
2019-06-11T20:00:00Z,DE,Wind,7253.0,49374.0
2019-06-11T21:00:00Z,DE,Wind,8465.0,49374.0
2019-06-11T22:00:00Z,DE,Wind,8829.0,49378.0
2019-06-11T23:00:00Z,DE,Wind,8732.0,49378.0
2019-06-12T00:00:00Z,DE,Wind,8124.0,49378.0
2019-06-12T01:00:00Z,DE,Wind,7104.0,49378.0
2019-06-12T02:00:00Z,DE,Wind,5425.0,49378.0
2019-06-12T03:00:00Z,DE,Wind,5282.0,49378.0
2019-06-12T04:00:00Z,DE,Wind,4785.0,49378.0
2019-06-12T05:00:00Z,DE,Wind,4197.0,49378.0
2019-06-12T06:00:00Z,DE,Wind,4293.0,49378.0
2019-06-12T07:00:00Z,DE,Wind,5472.0,49378.0
2019-06-12T08:00:00Z,DE,Wind,6575.0,49378.0
2019-06-12T09:00:00Z,DE,Wind,6773.0,49378.0
2019-06-12T10:00:00Z,DE,Wind,7963.0,49378.0
2019-06-12T11:00:00Z,DE,Wind,8734.0,49378.0
2019-06-12T12:00:00Z,DE,Wind,8254.0,49378.0
2019-06-12T13:00:00Z,DE,Wind,8889.0,49378.0
2019-06-12T14:00:00Z,DE,Wind,10426.0,49378.0
2019-06-12T15:00:00Z,DE,Wind,11485.0,49378.0
2019-06-12T16:00:00Z,DE,Wind,11633.0,49378.0
2019-06-12T17:00:00Z,DE,Wind,11289.0,49378.0
2019-06-12T18:00:00Z,DE,Wind,10741.0,49378.0
2019-06-12T19:00:00Z,DE,Wind,9283.0,49378.0
2019-06-12T20:00:00Z,DE,Wind,10399.0,49378.0
2019-06-12T21:00:00Z,DE,Wind,11789.0,49378.0
2019-06-12T22:00:00Z,DE,Wind,12713.0,49381.0
2019-06-12T23:00:00Z,DE,Wind,13042.0,49381.0
2019-06-13T00:00:00Z,DE,Wind,13487.0,49381.0
2019-06-13T01:00:00Z,DE,Wind,13317.0,49381.0
2019-06-13T02:00:00Z,DE,Wind,12726.0,49381.0
2019-06-13T03:00:00Z,DE,Wind,12195.0,49381.0
2019-06-13T04:00:00Z,DE,Wind,11178.0,49381.0
2019-06-13T05:00:00Z,DE,Wind,9294.0,49381.0
2019-06-13T06:00:00Z,DE,Wind,8881.0,49381.0
2019-06-13T07:00:00Z,DE,Wind,10300.0,49381.0
2019-06-13T08:00:00Z,DE,Wind,12577.0,49381.0
2019-06-13T09:00:00Z,DE,Wind,14524.0,49381.0
2019-06-13T10:00:00Z,DE,Wind,15382.0,49381.0
2019-06-13T11:00:00Z,DE,Wind,15042.0,49381.0
2019-06-13T12:00:00Z,DE,Wind,13848.0,49381.0
2019-06-13T13:00:00Z,DE,Wind,12391.0,49381.0
2019-06-13T14:00:00Z,DE,Wind,11163.0,49381.0
2019-06-13T15:00:00Z,DE,Wind,9043.0,49381.0
2019-06-13T16:00:00Z,DE,Wind,7902.0,49381.0
2019-06-13T17:00:00Z,DE,Wind,6956.0,49381.0
2019-06-13T18:00:00Z,DE,Wind,5589.0,49381.0
2019-06-13T19:00:00Z,DE,Wind,6593.0,49381.0
2019-06-13T20:00:00Z,DE,Wind,8158.0,49381.0
2019-06-13T21:00:00Z,DE,Wind,9207.0,49381.0
2019-06-13T22:00:00Z,DE,Wind,9276.0,49387.0
2019-06-13T23:00:00Z,DE,Wind,9619.0,49387.0
2019-06-14T00:00:00Z,DE,Wind,10126.0,49387.0
2019-06-14T01:00:00Z,DE,Wind,9636.0,49387.0
2019-06-14T02:00:00Z,DE,Wind,9408.0,49387.0
2019-06-14T03:00:00Z,DE,Wind,9677.0,49387.0
2019-06-14T04:00:00Z,DE,Wind,10377.0,49387.0
2019-06-14T05:00:00Z,DE,Wind,10115.0,49387.0
2019-06-14T06:00:00Z,DE,Wind,7409.0,49387.0
2019-06-14T07:00:00Z,DE,Wind,6377.0,49387.0
2019-06-14T08:00:00Z,DE,Wind,6811.0,49387.0
2019-06-14T09:00:00Z,DE,Wind,7694.0,49387.0
2019-06-14T10:00:00Z,DE,Wind,8031.0,49387.0
2019-06-14T11:00:00Z,DE,Wind,7878.0,49387.0
2019-06-14T12:00:00Z,DE,Wind,7022.0,49387.0
2019-06-14T13:00:00Z,DE,Wind,6931.0,49387.0
2019-06-14T14:00:00Z,DE,Wind,6343.0,49387.0
2019-06-14T15:00:00Z,DE,Wind,5428.0,49387.0
2019-06-14T16:00:00Z,DE,Wind,5523.0,49387.0
2019-06-14T17:00:00Z,DE,Wind,5653.0,49387.0
2019-06-14T18:00:00Z,DE,Wind,6351.0,49387.0
2019-06-14T19:00:00Z,DE,Wind,7765.0,49387.0
2019-06-14T20:00:00Z,DE,Wind,9410.0,49387.0
2019-06-14T21:00:00Z,DE,Wind,10963.0,49387.0
2019-06-14T22:00:00Z,DE,Wind,12430.0,49387.0
2019-06-14T23:00:00Z,DE,Wind,12940.0,49387.0
2019-06-15T00:00:00Z,DE,Wind,13377.0,49387.0
2019-06-15T01:00:00Z,DE,Wind,13268.0,49387.0
2019-06-15T02:00:00Z,DE,Wind,13069.0,49387.0
2019-06-15T03:00:00Z,DE,Wind,14536.0,49387.0
2019-06-15T04:00:00Z,DE,Wind,15386.0,49387.0
2019-06-15T05:00:00Z,DE,Wind,15419.0,49387.0
2019-06-15T06:00:00Z,DE,Wind,14701.0,49387.0
2019-06-15T07:00:00Z,DE,Wind,14802.0,49387.0
2019-06-15T08:00:00Z,DE,Wind,15196.0,49387.0
2019-06-15T09:00:00Z,DE,Wind,15211.0,49387.0
2019-06-15T10:00:00Z,DE,Wind,14934.0,49387.0
2019-06-15T11:00:00Z,DE,Wind,15147.0,49387.0
2019-06-15T12:00:00Z,DE,Wind,15351.0,49387.0
2019-06-15T13:00:00Z,DE,Wind,15869.0,49387.0
2019-06-15T14:00:00Z,DE,Wind,17393.0,49387.0
2019-06-15T15:00:00Z,DE,Wind,17159.0,49387.0
2019-06-15T16:00:00Z,DE,Wind,17297.0,49387.0
2019-06-15T17:00:00Z,DE,Wind,16670.0,49387.0
2019-06-15T18:00:00Z,DE,Wind,14014.0,49387.0
2019-06-15T19:00:00Z,DE,Wind,11919.0,49387.0
2019-06-15T20:00:00Z,DE,Wind,10201.0,49387.0
2019-06-15T21:00:00Z,DE,Wind,9188.0,49387.0
2019-06-15T22:00:00Z,DE,Wind,8082.0,49387.0
2019-06-15T23:00:00Z,DE,Wind,6958.0,49387.0
2019-06-16T00:00:00Z,DE,Wind,6357.0,49387.0
2019-06-16T01:00:00Z,DE,Wind,6873.0,49387.0
2019-06-16T02:00:00Z,DE,Wind,7356.0,49387.0
2019-06-16T03:00:00Z,DE,Wind,7639.0,49387.0
2019-06-16T04:00:00Z,DE,Wind,7588.0,49387.0
2019-06-16T05:00:00Z,DE,Wind,6571.0,49387.0
2019-06-16T06:00:00Z,DE,Wind,5599.0,49387.0
2019-06-16T07:00:00Z,DE,Wind,5071.0,49387.0
2019-06-16T08:00:00Z,DE,Wind,4832.0,49387.0
2019-06-16T09:00:00Z,DE,Wind,4981.0,49387.0
2019-06-16T10:00:00Z,DE,Wind,4958.0,49387.0
2019-06-16T11:00:00Z,DE,Wind,4643.0,49387.0
2019-06-16T12:00:00Z,DE,Wind,3936.0,49387.0
2019-06-16T13:00:00Z,DE,Wind,3543.0,49387.0
2019-06-16T14:00:00Z,DE,Wind,3366.0,49387.0
2019-06-16T15:00:00Z,DE,Wind,3533.0,49387.0
2019-06-16T16:00:00Z,DE,Wind,2735.0,49387.0
2019-06-16T17:00:00Z,DE,Wind,2154.0,49387.0
2019-06-16T18:00:00Z,DE,Wind,1765.0,49387.0
2019-06-16T19:00:00Z,DE,Wind,1456.0,49387.0
2019-06-16T20:00:00Z,DE,Wind,1614.0,49387.0
2019-06-16T21:00:00Z,DE,Wind,2092.0,49387.0
2019-06-16T22:00:00Z,DE,Wind,2731.0,49387.0
2019-06-16T23:00:00Z,DE,Wind,3477.0,49387.0
2019-06-17T00:00:00Z,DE,Wind,3747.0,49387.0
2019-06-17T01:00:00Z,DE,Wind,4238.0,49387.0
2019-06-17T02:00:00Z,DE,Wind,4816.0,49387.0
2019-06-17T03:00:00Z,DE,Wind,5065.0,49387.0
2019-06-17T04:00:00Z,DE,Wind,5098.0,49387.0
2019-06-17T05:00:00Z,DE,Wind,4479.0,49387.0
2019-06-17T06:00:00Z,DE,Wind,3665.0,49387.0
2019-06-17T07:00:00Z,DE,Wind,3421.0,49387.0
2019-06-17T08:00:00Z,DE,Wind,3010.0,49387.0
2019-06-17T09:00:00Z,DE,Wind,2507.0,49387.0
2019-06-17T10:00:00Z,DE,Wind,1898.0,49387.0
2019-06-17T11:00:00Z,DE,Wind,1385.0,49387.0
2019-06-17T12:00:00Z,DE,Wind,1196.0,49387.0
2019-06-17T13:00:00Z,DE,Wind,1228.0,49387.0
2019-06-17T14:00:00Z,DE,Wind,1534.0,49387.0
2019-06-17T15:00:00Z,DE,Wind,1945.0,49387.0
2019-06-17T16:00:00Z,DE,Wind,2229.0,49387.0
2019-06-17T17:00:00Z,DE,Wind,2442.0,49387.0
2019-06-17T18:00:00Z,DE,Wind,2681.0,49387.0
2019-06-17T19:00:00Z,DE,Wind,3858.0,49387.0
2019-06-17T20:00:00Z,DE,Wind,5806.0,49387.0
2019-06-17T21:00:00Z,DE,Wind,7680.0,49387.0
2019-06-17T22:00:00Z,DE,Wind,9208.0,49394.0
2019-06-17T23:00:00Z,DE,Wind,9780.0,49394.0
2019-06-18T00:00:00Z,DE,Wind,9545.0,49394.0
2019-06-18T01:00:00Z,DE,Wind,8728.0,49394.0
2019-06-18T02:00:00Z,DE,Wind,7631.0,49394.0
2019-06-18T03:00:00Z,DE,Wind,6962.0,49394.0
2019-06-18T04:00:00Z,DE,Wind,5870.0,49394.0
2019-06-18T05:00:00Z,DE,Wind,4156.0,49394.0
2019-06-18T06:00:00Z,DE,Wind,2214.0,49394.0
2019-06-18T07:00:00Z,DE,Wind,1861.0,49394.0
2019-06-18T08:00:00Z,DE,Wind,2466.0,49394.0
2019-06-18T09:00:00Z,DE,Wind,3411.0,49394.0
2019-06-18T10:00:00Z,DE,Wind,3942.0,49394.0
2019-06-18T11:00:00Z,DE,Wind,3975.0,49394.0
2019-06-18T12:00:00Z,DE,Wind,3579.0,49394.0
2019-06-18T13:00:00Z,DE,Wind,3182.0,49394.0
2019-06-18T14:00:00Z,DE,Wind,2968.0,49394.0
2019-06-18T15:00:00Z,DE,Wind,2949.0,49394.0
2019-06-18T16:00:00Z,DE,Wind,2851.0,49394.0
2019-06-18T17:00:00Z,DE,Wind,2957.0,49394.0
2019-06-18T18:00:00Z,DE,Wind,3542.0,49394.0
2019-06-18T19:00:00Z,DE,Wind,4766.0,49394.0
2019-06-18T20:00:00Z,DE,Wind,6393.0,49394.0
2019-06-18T21:00:00Z,DE,Wind,7339.0,49394.0
2019-06-18T22:00:00Z,DE,Wind,7340.0,49397.0
2019-06-18T23:00:00Z,DE,Wind,7085.0,49397.0
2019-06-19T00:00:00Z,DE,Wind,7009.0,49397.0
2019-06-19T01:00:00Z,DE,Wind,6718.0,49397.0
2019-06-19T02:00:00Z,DE,Wind,6259.0,49397.0
2019-06-19T03:00:00Z,DE,Wind,6760.0,49397.0
2019-06-19T04:00:00Z,DE,Wind,6783.0,49397.0
2019-06-19T05:00:00Z,DE,Wind,6157.0,49397.0
2019-06-19T06:00:00Z,DE,Wind,4656.0,49397.0
2019-06-19T07:00:00Z,DE,Wind,4160.0,49397.0
2019-06-19T08:00:00Z,DE,Wind,4643.0,49397.0
2019-06-19T09:00:00Z,DE,Wind,5758.0,49397.0
2019-06-19T10:00:00Z,DE,Wind,6590.0,49397.0
2019-06-19T11:00:00Z,DE,Wind,6314.0,49397.0
2019-06-19T12:00:00Z,DE,Wind,6032.0,49397.0
2019-06-19T13:00:00Z,DE,Wind,5552.0,49397.0
2019-06-19T14:00:00Z,DE,Wind,5484.0,49397.0
2019-06-19T15:00:00Z,DE,Wind,6165.0,49397.0
2019-06-19T16:00:00Z,DE,Wind,6031.0,49397.0
2019-06-19T17:00:00Z,DE,Wind,5681.0,49397.0
2019-06-19T18:00:00Z,DE,Wind,6073.0,49397.0
2019-06-19T19:00:00Z,DE,Wind,6924.0,49397.0
2019-06-19T20:00:00Z,DE,Wind,7875.0,49397.0
2019-06-19T21:00:00Z,DE,Wind,7643.0,49397.0
2019-06-19T22:00:00Z,DE,Wind,7673.0,49397.0
2019-06-19T23:00:00Z,DE,Wind,8654.0,49397.0
2019-06-20T00:00:00Z,DE,Wind,9295.0,49397.0
2019-06-20T01:00:00Z,DE,Wind,8823.0,49397.0
2019-06-20T02:00:00Z,DE,Wind,8547.0,49397.0
2019-06-20T03:00:00Z,DE,Wind,7665.0,49397.0
2019-06-20T04:00:00Z,DE,Wind,8077.0,49397.0
2019-06-20T05:00:00Z,DE,Wind,7827.0,49397.0
2019-06-20T06:00:00Z,DE,Wind,6835.0,49397.0
2019-06-20T07:00:00Z,DE,Wind,6610.0,49397.0
2019-06-20T08:00:00Z,DE,Wind,6374.0,49397.0
2019-06-20T09:00:00Z,DE,Wind,6344.0,49397.0
2019-06-20T10:00:00Z,DE,Wind,6654.0,49397.0
2019-06-20T11:00:00Z,DE,Wind,6898.0,49397.0
2019-06-20T12:00:00Z,DE,Wind,6860.0,49397.0
2019-06-20T13:00:00Z,DE,Wind,6383.0,49397.0
2019-06-20T14:00:00Z,DE,Wind,6157.0,49397.0
2019-06-20T15:00:00Z,DE,Wind,5754.0,49397.0
2019-06-20T16:00:00Z,DE,Wind,5129.0,49397.0
2019-06-20T17:00:00Z,DE,Wind,3978.0,49397.0
2019-06-20T18:00:00Z,DE,Wind,3484.0,49397.0
2019-06-20T19:00:00Z,DE,Wind,3216.0,49397.0
2019-06-20T20:00:00Z,DE,Wind,2773.0,49397.0
2019-06-20T21:00:00Z,DE,Wind,3076.0,49397.0
2019-06-20T22:00:00Z,DE,Wind,3176.0,49397.0
2019-06-20T23:00:00Z,DE,Wind,2876.0,49397.0
2019-06-21T00:00:00Z,DE,Wind,2505.0,49397.0
2019-06-21T01:00:00Z,DE,Wind,2640.0,49397.0
2019-06-21T02:00:00Z,DE,Wind,2907.0,49397.0
2019-06-21T03:00:00Z,DE,Wind,3508.0,49397.0
2019-06-21T04:00:00Z,DE,Wind,3611.0,49397.0
2019-06-21T05:00:00Z,DE,Wind,2496.0,49397.0
2019-06-21T06:00:00Z,DE,Wind,2242.0,49397.0
2019-06-21T07:00:00Z,DE,Wind,2838.0,49397.0
2019-06-21T08:00:00Z,DE,Wind,2952.0,49397.0
2019-06-21T09:00:00Z,DE,Wind,3492.0,49397.0
2019-06-21T10:00:00Z,DE,Wind,4120.0,49397.0
2019-06-21T11:00:00Z,DE,Wind,4249.0,49397.0
2019-06-21T12:00:00Z,DE,Wind,4304.0,49397.0
2019-06-21T13:00:00Z,DE,Wind,4255.0,49397.0
2019-06-21T14:00:00Z,DE,Wind,4166.0,49397.0
2019-06-21T15:00:00Z,DE,Wind,4344.0,49397.0
2019-06-21T16:00:00Z,DE,Wind,4476.0,49397.0
2019-06-21T17:00:00Z,DE,Wind,4398.0,49397.0
2019-06-21T18:00:00Z,DE,Wind,4456.0,49397.0
2019-06-21T19:00:00Z,DE,Wind,5051.0,49397.0
2019-06-21T20:00:00Z,DE,Wind,5736.0,49397.0
2019-06-21T21:00:00Z,DE,Wind,6088.0,49397.0
2019-06-21T22:00:00Z,DE,Wind,6021.0,49397.0
2019-06-21T23:00:00Z,DE,Wind,5877.0,49397.0
2019-06-22T00:00:00Z,DE,Wind,5984.0,49397.0
2019-06-22T01:00:00Z,DE,Wind,5822.0,49397.0
2019-06-22T02:00:00Z,DE,Wind,6176.0,49397.0
2019-06-22T03:00:00Z,DE,Wind,6676.0,49397.0
2019-06-22T04:00:00Z,DE,Wind,6560.0,49397.0
2019-06-22T05:00:00Z,DE,Wind,4655.0,49397.0
2019-06-22T06:00:00Z,DE,Wind,3174.0,49397.0
2019-06-22T07:00:00Z,DE,Wind,2801.0,49397.0
2019-06-22T08:00:00Z,DE,Wind,3065.0,49397.0
2019-06-22T09:00:00Z,DE,Wind,3664.0,49397.0
2019-06-22T10:00:00Z,DE,Wind,4096.0,49397.0
2019-06-22T11:00:00Z,DE,Wind,4298.0,49397.0
2019-06-22T12:00:00Z,DE,Wind,4857.0,49397.0
2019-06-22T13:00:00Z,DE,Wind,5729.0,49397.0
2019-06-22T14:00:00Z,DE,Wind,6719.0,49397.0
2019-06-22T15:00:00Z,DE,Wind,7433.0,49397.0
2019-06-22T16:00:00Z,DE,Wind,8507.0,49397.0
2019-06-22T17:00:00Z,DE,Wind,9591.0,49397.0
2019-06-22T18:00:00Z,DE,Wind,9847.0,49397.0
2019-06-22T19:00:00Z,DE,Wind,10661.0,49397.0
2019-06-22T20:00:00Z,DE,Wind,12295.0,49397.0
2019-06-22T21:00:00Z,DE,Wind,13134.0,49397.0
2019-06-22T22:00:00Z,DE,Wind,12996.0,49397.0
2019-06-22T23:00:00Z,DE,Wind,12701.0,49397.0
2019-06-23T00:00:00Z,DE,Wind,12028.0,49397.0
2019-06-23T01:00:00Z,DE,Wind,11660.0,49397.0
2019-06-23T02:00:00Z,DE,Wind,11543.0,49397.0
2019-06-23T03:00:00Z,DE,Wind,11262.0,49397.0
2019-06-23T04:00:00Z,DE,Wind,10166.0,49397.0
2019-06-23T05:00:00Z,DE,Wind,8062.0,49397.0
2019-06-23T06:00:00Z,DE,Wind,6303.0,49397.0
2019-06-23T07:00:00Z,DE,Wind,5727.0,49397.0
2019-06-23T08:00:00Z,DE,Wind,6394.0,49397.0
2019-06-23T09:00:00Z,DE,Wind,8364.0,49397.0
2019-06-23T10:00:00Z,DE,Wind,9609.0,49397.0
2019-06-23T11:00:00Z,DE,Wind,10398.0,49397.0
2019-06-23T12:00:00Z,DE,Wind,10566.0,49397.0
2019-06-23T13:00:00Z,DE,Wind,10370.0,49397.0
2019-06-23T14:00:00Z,DE,Wind,9813.0,49397.0
2019-06-23T15:00:00Z,DE,Wind,9685.0,49397.0
2019-06-23T16:00:00Z,DE,Wind,10002.0,49397.0
2019-06-23T17:00:00Z,DE,Wind,10338.0,49397.0
2019-06-23T18:00:00Z,DE,Wind,11035.0,49397.0
2019-06-23T19:00:00Z,DE,Wind,13683.0,49397.0
2019-06-23T20:00:00Z,DE,Wind,16628.0,49397.0
2019-06-23T21:00:00Z,DE,Wind,18097.0,49397.0
2019-06-23T22:00:00Z,DE,Wind,18491.0,49404.0
2019-06-23T23:00:00Z,DE,Wind,17711.0,49404.0
2019-06-24T00:00:00Z,DE,Wind,16607.0,49404.0
2019-06-24T01:00:00Z,DE,Wind,15870.0,49404.0
2019-06-24T02:00:00Z,DE,Wind,15396.0,49404.0
2019-06-24T03:00:00Z,DE,Wind,15654.0,49404.0
2019-06-24T04:00:00Z,DE,Wind,15501.0,49404.0
2019-06-24T05:00:00Z,DE,Wind,13262.0,49404.0
2019-06-24T06:00:00Z,DE,Wind,10572.0,49404.0
2019-06-24T07:00:00Z,DE,Wind,9948.0,49404.0
2019-06-24T08:00:00Z,DE,Wind,10967.0,49404.0
2019-06-24T09:00:00Z,DE,Wind,12101.0,49404.0
2019-06-24T10:00:00Z,DE,Wind,12498.0,49404.0
2019-06-24T11:00:00Z,DE,Wind,12321.0,49404.0
2019-06-24T12:00:00Z,DE,Wind,11988.0,49404.0
2019-06-24T13:00:00Z,DE,Wind,12078.0,49404.0
2019-06-24T14:00:00Z,DE,Wind,12190.0,49404.0
2019-06-24T15:00:00Z,DE,Wind,12286.0,49404.0
2019-06-24T16:00:00Z,DE,Wind,12309.0,49404.0
2019-06-24T17:00:00Z,DE,Wind,12578.0,49404.0
2019-06-24T18:00:00Z,DE,Wind,13440.0,49404.0
2019-06-24T19:00:00Z,DE,Wind,15880.0,49404.0
2019-06-24T20:00:00Z,DE,Wind,18301.0,49404.0
2019-06-24T21:00:00Z,DE,Wind,19453.0,49404.0
2019-06-24T22:00:00Z,DE,Wind,19696.0,49408.0
2019-06-24T23:00:00Z,DE,Wind,19107.0,49408.0
2019-06-25T00:00:00Z,DE,Wind,18069.0,49408.0
2019-06-25T01:00:00Z,DE,Wind,16971.0,49408.0
2019-06-25T02:00:00Z,DE,Wind,16079.0,49408.0
2019-06-25T03:00:00Z,DE,Wind,15319.0,49408.0
2019-06-25T04:00:00Z,DE,Wind,13760.0,49408.0
2019-06-25T05:00:00Z,DE,Wind,10059.0,49408.0
2019-06-25T06:00:00Z,DE,Wind,6384.0,49408.0
2019-06-25T07:00:00Z,DE,Wind,4656.0,49408.0
2019-06-25T08:00:00Z,DE,Wind,4473.0,49408.0
2019-06-25T09:00:00Z,DE,Wind,4949.0,49408.0
2019-06-25T10:00:00Z,DE,Wind,5872.0,49408.0
2019-06-25T11:00:00Z,DE,Wind,6745.0,49408.0
2019-06-25T12:00:00Z,DE,Wind,7275.0,49408.0
2019-06-25T13:00:00Z,DE,Wind,7208.0,49408.0
2019-06-25T14:00:00Z,DE,Wind,6632.0,49408.0
2019-06-25T15:00:00Z,DE,Wind,5362.0,49408.0
2019-06-25T16:00:00Z,DE,Wind,4201.0,49408.0
2019-06-25T17:00:00Z,DE,Wind,3460.0,49408.0
2019-06-25T18:00:00Z,DE,Wind,3800.0,49408.0
2019-06-25T19:00:00Z,DE,Wind,5034.0,49408.0
2019-06-25T20:00:00Z,DE,Wind,6117.0,49408.0
2019-06-25T21:00:00Z,DE,Wind,6615.0,49408.0
2019-06-25T22:00:00Z,DE,Wind,6238.0,49408.0
2019-06-25T23:00:00Z,DE,Wind,5563.0,49408.0
2019-06-26T00:00:00Z,DE,Wind,5805.0,49408.0
2019-06-26T01:00:00Z,DE,Wind,6874.0,49408.0
2019-06-26T02:00:00Z,DE,Wind,7357.0,49408.0
2019-06-26T03:00:00Z,DE,Wind,7732.0,49408.0
2019-06-26T04:00:00Z,DE,Wind,7612.0,49408.0
2019-06-26T05:00:00Z,DE,Wind,6740.0,49408.0
2019-06-26T06:00:00Z,DE,Wind,5896.0,49408.0
2019-06-26T07:00:00Z,DE,Wind,6118.0,49408.0
2019-06-26T08:00:00Z,DE,Wind,7271.0,49408.0
2019-06-26T09:00:00Z,DE,Wind,8796.0,49408.0
2019-06-26T10:00:00Z,DE,Wind,10593.0,49408.0
2019-06-26T11:00:00Z,DE,Wind,11587.0,49408.0
2019-06-26T12:00:00Z,DE,Wind,13045.0,49408.0
2019-06-26T13:00:00Z,DE,Wind,14717.0,49408.0
2019-06-26T14:00:00Z,DE,Wind,16156.0,49408.0
2019-06-26T15:00:00Z,DE,Wind,17240.0,49408.0
2019-06-26T16:00:00Z,DE,Wind,18193.0,49408.0
2019-06-26T17:00:00Z,DE,Wind,18617.0,49408.0
2019-06-26T18:00:00Z,DE,Wind,18284.0,49408.0
2019-06-26T19:00:00Z,DE,Wind,18278.0,49408.0
2019-06-26T20:00:00Z,DE,Wind,18528.0,49408.0
2019-06-26T21:00:00Z,DE,Wind,18070.0,49408.0
2019-06-26T22:00:00Z,DE,Wind,17460.0,49415.0
2019-06-26T23:00:00Z,DE,Wind,17573.0,49415.0
2019-06-27T00:00:00Z,DE,Wind,17147.0,49415.0
2019-06-27T01:00:00Z,DE,Wind,16489.0,49415.0
2019-06-27T02:00:00Z,DE,Wind,15674.0,49415.0
2019-06-27T03:00:00Z,DE,Wind,15461.0,49415.0
2019-06-27T04:00:00Z,DE,Wind,15117.0,49415.0
2019-06-27T05:00:00Z,DE,Wind,14536.0,49415.0
2019-06-27T06:00:00Z,DE,Wind,13107.0,49415.0
2019-06-27T07:00:00Z,DE,Wind,11941.0,49415.0
2019-06-27T08:00:00Z,DE,Wind,12116.0,49415.0
2019-06-27T09:00:00Z,DE,Wind,12218.0,49415.0
2019-06-27T10:00:00Z,DE,Wind,13002.0,49415.0
2019-06-27T11:00:00Z,DE,Wind,13338.0,49415.0
2019-06-27T12:00:00Z,DE,Wind,13546.0,49415.0
2019-06-27T13:00:00Z,DE,Wind,14111.0,49415.0
2019-06-27T14:00:00Z,DE,Wind,14348.0,49415.0
2019-06-27T15:00:00Z,DE,Wind,14794.0,49415.0
2019-06-27T16:00:00Z,DE,Wind,15434.0,49415.0
2019-06-27T17:00:00Z,DE,Wind,15351.0,49415.0
2019-06-27T18:00:00Z,DE,Wind,14282.0,49415.0
2019-06-27T19:00:00Z,DE,Wind,13752.0,49415.0
2019-06-27T20:00:00Z,DE,Wind,12786.0,49415.0
2019-06-27T21:00:00Z,DE,Wind,11910.0,49415.0
2019-06-27T22:00:00Z,DE,Wind,10816.0,49418.0
2019-06-27T23:00:00Z,DE,Wind,9348.0,49418.0
2019-06-28T00:00:00Z,DE,Wind,8188.0,49418.0
2019-06-28T01:00:00Z,DE,Wind,7452.0,49418.0
2019-06-28T02:00:00Z,DE,Wind,6657.0,49418.0
2019-06-28T03:00:00Z,DE,Wind,5594.0,49418.0
2019-06-28T04:00:00Z,DE,Wind,4611.0,49418.0
2019-06-28T05:00:00Z,DE,Wind,3257.0,49418.0
2019-06-28T06:00:00Z,DE,Wind,2360.0,49418.0
2019-06-28T07:00:00Z,DE,Wind,1789.0,49418.0
2019-06-28T08:00:00Z,DE,Wind,1557.0,49418.0
2019-06-28T09:00:00Z,DE,Wind,1604.0,49418.0
2019-06-28T10:00:00Z,DE,Wind,1731.0,49418.0
2019-06-28T11:00:00Z,DE,Wind,1904.0,49418.0
2019-06-28T12:00:00Z,DE,Wind,1931.0,49418.0
2019-06-28T13:00:00Z,DE,Wind,1970.0,49418.0
2019-06-28T14:00:00Z,DE,Wind,2067.0,49418.0
2019-06-28T15:00:00Z,DE,Wind,2199.0,49418.0
2019-06-28T16:00:00Z,DE,Wind,2224.0,49418.0
2019-06-28T17:00:00Z,DE,Wind,2341.0,49418.0
2019-06-28T18:00:00Z,DE,Wind,2446.0,49418.0
2019-06-28T19:00:00Z,DE,Wind,2997.0,49418.0
2019-06-28T20:00:00Z,DE,Wind,3643.0,49418.0
2019-06-28T21:00:00Z,DE,Wind,4040.0,49418.0
2019-06-28T22:00:00Z,DE,Wind,3982.0,49418.0
2019-06-28T23:00:00Z,DE,Wind,3686.0,49418.0
2019-06-29T00:00:00Z,DE,Wind,3429.0,49418.0
2019-06-29T01:00:00Z,DE,Wind,3414.0,49418.0
2019-06-29T02:00:00Z,DE,Wind,3288.0,49418.0
2019-06-29T03:00:00Z,DE,Wind,3333.0,49418.0
2019-06-29T04:00:00Z,DE,Wind,3296.0,49418.0
2019-06-29T05:00:00Z,DE,Wind,2722.0,49418.0
2019-06-29T06:00:00Z,DE,Wind,1481.0,49418.0
2019-06-29T07:00:00Z,DE,Wind,1359.0,49418.0
2019-06-29T08:00:00Z,DE,Wind,1621.0,49418.0
2019-06-29T09:00:00Z,DE,Wind,1727.0,49418.0
2019-06-29T10:00:00Z,DE,Wind,1630.0,49418.0
2019-06-29T11:00:00Z,DE,Wind,1700.0,49418.0
2019-06-29T12:00:00Z,DE,Wind,1722.0,49418.0
2019-06-29T13:00:00Z,DE,Wind,1669.0,49418.0
2019-06-29T14:00:00Z,DE,Wind,1574.0,49418.0
2019-06-29T15:00:00Z,DE,Wind,1508.0,49418.0
2019-06-29T16:00:00Z,DE,Wind,1508.0,49418.0
2019-06-29T17:00:00Z,DE,Wind,1659.0,49418.0
2019-06-29T18:00:00Z,DE,Wind,2225.0,49418.0
2019-06-29T19:00:00Z,DE,Wind,3713.0,49418.0
2019-06-29T20:00:00Z,DE,Wind,5991.0,49418.0
2019-06-29T21:00:00Z,DE,Wind,8012.0,49418.0
2019-06-29T22:00:00Z,DE,Wind,9628.0,49418.0
2019-06-29T23:00:00Z,DE,Wind,11331.0,49418.0
2019-06-30T00:00:00Z,DE,Wind,12716.0,49418.0
2019-06-30T01:00:00Z,DE,Wind,13850.0,49418.0
2019-06-30T02:00:00Z,DE,Wind,15378.0,49418.0
2019-06-30T03:00:00Z,DE,Wind,16460.0,49418.0
2019-06-30T04:00:00Z,DE,Wind,17375.0,49418.0
2019-06-30T05:00:00Z,DE,Wind,16160.0,49418.0
2019-06-30T06:00:00Z,DE,Wind,12292.0,49418.0
2019-06-30T07:00:00Z,DE,Wind,10544.0,49418.0
2019-06-30T08:00:00Z,DE,Wind,11252.0,49418.0
2019-06-30T09:00:00Z,DE,Wind,13437.0,49418.0
2019-06-30T10:00:00Z,DE,Wind,15560.0,49418.0
2019-06-30T11:00:00Z,DE,Wind,15638.0,49418.0
2019-06-30T12:00:00Z,DE,Wind,14612.0,49418.0
2019-06-30T13:00:00Z,DE,Wind,17168.0,49418.0
2019-06-30T14:00:00Z,DE,Wind,17237.0,49418.0
2019-06-30T15:00:00Z,DE,Wind,15886.0,49418.0
2019-06-30T16:00:00Z,DE,Wind,15857.0,49418.0
2019-06-30T17:00:00Z,DE,Wind,16273.0,49418.0
2019-06-30T18:00:00Z,DE,Wind,14916.0,49418.0
2019-06-30T19:00:00Z,DE,Wind,14060.0,49418.0
2019-06-30T20:00:00Z,DE,Wind,13696.0,49418.0
2019-06-30T21:00:00Z,DE,Wind,12995.0,49418.0
2019-06-30T22:00:00Z,DE,Wind,11591.0,49418.0
2019-06-30T23:00:00Z,DE,Wind,10253.0,49418.0
