utc_timestamp,country,source,power_output_mw,capacity_mw,capacity_factor_pct
2019-06-01 05:30:00,DE,Solar,0.0,49497.0,0.0
2019-06-01 06:30:00,DE,Solar,0.0,49497.0,0.0
2019-06-01 07:30:00,DE,Solar,2.0,49497.0,0.0
2019-06-01 08:30:00,DE,Solar,250.0,49497.0,0.51
2019-06-01 09:30:00,DE,Solar,2006.0,49497.0,4.05
2019-06-01 10:30:00,DE,Solar,6115.0,49497.0,12.35
2019-06-01 11:30:00,DE,Solar,12022.0,49497.0,24.29
2019-06-01 12:30:00,DE,Solar,18240.0,49497.0,36.85
2019-06-01 13:30:00,DE,Solar,23245.0,49497.0,46.96
2019-06-01 14:30:00,DE,Solar,25998.0,49497.0,52.52
2019-06-01 15:30:00,DE,Solar,27203.0,49497.0,54.96
2019-06-01 16:30:00,DE,Solar,27695.0,49497.0,55.95
2019-06-01 17:30:00,DE,Solar,27046.0,49497.0,54.64
2019-06-01 18:30:00,DE,Solar,24588.0,49497.0,49.68
2019-06-01 19:30:00,DE,Solar,20651.0,49497.0,41.72
2019-06-01 20:30:00,DE,Solar,15215.0,49497.0,30.74
2019-06-01 21:30:00,DE,Solar,9227.0,49497.0,18.64
2019-06-01 22:30:00,DE,Solar,3987.0,49497.0,8.06
2019-06-01 23:30:00,DE,Solar,1032.0,49497.0,2.08
2019-06-02 00:30:00,DE,Solar,43.0,49497.0,0.09
2019-06-02 01:30:00,DE,Solar,0.0,49497.0,0.0
2019-06-02 02:30:00,DE,Solar,0.0,49497.0,0.0
2019-06-02 03:30:00,DE,Solar,0.0,49497.0,0.0
2019-06-02 04:30:00,DE,Solar,0.0,49497.0,0.0
2019-06-02 05:30:00,DE,Solar,0.0,49497.0,0.0
2019-06-02 06:30:00,DE,Solar,0.0,49497.0,0.0
2019-06-02 07:30:00,DE,Solar,2.0,49497.0,0.0
2019-06-02 08:30:00,DE,Solar,273.0,49497.0,0.55
2019-06-02 09:30:00,DE,Solar,2195.0,49497.0,4.43
2019-06-02 10:30:00,DE,Solar,6669.0,49497.0,13.47
2019-06-02 11:30:00,DE,Solar,12946.0,49497.0,26.16
2019-06-02 12:30:00,DE,Solar,19252.0,49497.0,38.9
2019-06-02 13:30:00,DE,Solar,24097.0,49497.0,48.68
2019-06-02 14:30:00,DE,Solar,27366.0,49497.0,55.29
2019-06-02 15:30:00,DE,Solar,29055.0,49497.0,58.7
2019-06-02 16:30:00,DE,Solar,29198.0,49497.0,58.99
2019-06-02 17:30:00,DE,Solar,27965.0,49497.0,56.5
2019-06-02 18:30:00,DE,Solar,25281.0,49497.0,51.08
2019-06-02 19:30:00,DE,Solar,21165.0,49497.0,42.76
2019-06-02 20:30:00,DE,Solar,15611.0,49497.0,31.54
2019-06-02 21:30:00,DE,Solar,9291.0,49497.0,18.77
2019-06-02 22:30:00,DE,Solar,3969.0,49497.0,8.02
2019-06-02 23:30:00,DE,Solar,1060.0,49497.0,2.14
2019-06-03 00:30:00,DE,Solar,51.0,49497.0,0.1
2019-06-03 01:30:00,DE,Solar,0.0,49497.0,0.0
2019-06-03 02:30:00,DE,Solar,0.0,49497.0,0.0
2019-06-03 03:30:00,DE,Solar,0.0,49501.0,0.0
2019-06-03 04:30:00,DE,Solar,0.0,49501.0,0.0
2019-06-03 05:30:00,DE,Solar,0.0,49501.0,0.0
2019-06-03 06:30:00,DE,Solar,0.0,49501.0,0.0
2019-06-03 07:30:00,DE,Solar,3.0,49501.0,0.01
2019-06-03 08:30:00,DE,Solar,287.0,49501.0,0.58
2019-06-03 09:30:00,DE,Solar,2084.0,49501.0,4.21
2019-06-03 10:30:00,DE,Solar,6199.0,49501.0,12.52
2019-06-03 11:30:00,DE,Solar,11707.0,49501.0,23.65
2019-06-03 12:30:00,DE,Solar,17468.0,49501.0,35.29
2019-06-03 13:30:00,DE,Solar,22394.0,49501.0,45.24
2019-06-03 14:30:00,DE,Solar,25024.0,49501.0,50.55
2019-06-03 15:30:00,DE,Solar,25832.0,49501.0,52.18
2019-06-03 16:30:00,DE,Solar,25351.0,49501.0,51.21
2019-06-03 17:30:00,DE,Solar,23177.0,49501.0,46.82
2019-06-03 18:30:00,DE,Solar,19155.0,49501.0,38.7
2019-06-03 19:30:00,DE,Solar,14342.0,49501.0,28.97
2019-06-03 20:30:00,DE,Solar,9590.0,49501.0,19.37
2019-06-03 21:30:00,DE,Solar,5409.0,49501.0,10.93
2019-06-03 22:30:00,DE,Solar,2449.0,49501.0,4.95
2019-06-03 23:30:00,DE,Solar,690.0,49501.0,1.39
2019-06-04 00:30:00,DE,Solar,43.0,49501.0,0.09
2019-06-04 01:30:00,DE,Solar,0.0,49501.0,0.0
2019-06-04 02:30:00,DE,Solar,0.0,49501.0,0.0
2019-06-04 03:30:00,DE,Solar,0.0,49506.0,0.0
2019-06-04 04:30:00,DE,Solar,0.0,49506.0,0.0
2019-06-04 05:30:00,DE,Solar,0.0,49506.0,0.0
2019-06-04 06:30:00,DE,Solar,0.0,49506.0,0.0
2019-06-04 07:30:00,DE,Solar,3.0,49506.0,0.01
2019-06-04 08:30:00,DE,Solar,267.0,49506.0,0.54
2019-06-04 09:30:00,DE,Solar,2007.0,49506.0,4.05
2019-06-04 10:30:00,DE,Solar,5772.0,49506.0,11.66
2019-06-04 11:30:00,DE,Solar,11252.0,49506.0,22.73
2019-06-04 12:30:00,DE,Solar,17078.0,49506.0,34.5
2019-06-04 13:30:00,DE,Solar,21922.0,49506.0,44.28
2019-06-04 14:30:00,DE,Solar,25426.0,49506.0,51.36
2019-06-04 15:30:00,DE,Solar,27253.0,49506.0,55.05
2019-06-04 16:30:00,DE,Solar,27313.0,49506.0,55.17
2019-06-04 17:30:00,DE,Solar,26079.0,49506.0,52.68
2019-06-04 18:30:00,DE,Solar,23613.0,49506.0,47.7
2019-06-04 19:30:00,DE,Solar,19767.0,49506.0,39.93
2019-06-04 20:30:00,DE,Solar,14484.0,49506.0,29.26
2019-06-04 21:30:00,DE,Solar,8662.0,49506.0,17.5
2019-06-04 22:30:00,DE,Solar,3824.0,49506.0,7.72
2019-06-04 23:30:00,DE,Solar,1082.0,49506.0,2.19
2019-06-05 00:30:00,DE,Solar,47.0,49506.0,0.09
2019-06-05 01:30:00,DE,Solar,0.0,49506.0,0.0
2019-06-05 02:30:00,DE,Solar,0.0,49506.0,0.0
2019-06-05 03:30:00,DE,Solar,0.0,49511.0,0.0
2019-06-05 04:30:00,DE,Solar,0.0,49511.0,0.0
2019-06-05 05:30:00,DE,Solar,0.0,49511.0,0.0
2019-06-05 06:30:00,DE,Solar,0.0,49511.0,0.0
2019-06-05 07:30:00,DE,Solar,4.0,49511.0,0.01
2019-06-05 08:30:00,DE,Solar,277.0,49511.0,0.56
2019-06-05 09:30:00,DE,Solar,2105.0,49511.0,4.25
2019-06-05 10:30:00,DE,Solar,6224.0,49511.0,12.57
2019-06-05 11:30:00,DE,Solar,11696.0,49511.0,23.62
2019-06-05 12:30:00,DE,Solar,17525.0,49511.0,35.4
2019-06-05 13:30:00,DE,Solar,22307.0,49511.0,45.05
2019-06-05 14:30:00,DE,Solar,25332.0,49511.0,51.16
2019-06-05 15:30:00,DE,Solar,26975.0,49511.0,54.48
2019-06-05 16:30:00,DE,Solar,27091.0,49511.0,54.72
2019-06-05 17:30:00,DE,Solar,25964.0,49511.0,52.44
2019-06-05 18:30:00,DE,Solar,23066.0,49511.0,46.59
2019-06-05 19:30:00,DE,Solar,19043.0,49511.0,38.46
2019-06-05 20:30:00,DE,Solar,13997.0,49511.0,28.27
2019-06-05 21:30:00,DE,Solar,8471.0,49511.0,17.11
2019-06-05 22:30:00,DE,Solar,3834.0,49511.0,7.74
2019-06-05 23:30:00,DE,Solar,1104.0,49511.0,2.23
2019-06-06 00:30:00,DE,Solar,56.0,49511.0,0.11
2019-06-06 01:30:00,DE,Solar,0.0,49511.0,0.0
2019-06-06 02:30:00,DE,Solar,0.0,49511.0,0.0
2019-06-06 03:30:00,DE,Solar,0.0,49516.0,0.0
2019-06-06 04:30:00,DE,Solar,0.0,49516.0,0.0
2019-06-06 05:30:00,DE,Solar,0.0,49516.0,0.0
2019-06-06 06:30:00,DE,Solar,0.0,49516.0,0.0
2019-06-06 07:30:00,DE,Solar,3.0,49516.0,0.01
2019-06-06 08:30:00,DE,Solar,274.0,49516.0,0.55
2019-06-06 09:30:00,DE,Solar,1804.0,49516.0,3.64
2019-06-06 10:30:00,DE,Solar,4840.0,49516.0,9.77
2019-06-06 11:30:00,DE,Solar,8420.0,49516.0,17.0
2019-06-06 12:30:00,DE,Solar,11738.0,49516.0,23.71
2019-06-06 13:30:00,DE,Solar,13857.0,49516.0,27.98
2019-06-06 14:30:00,DE,Solar,15238.0,49516.0,30.77
2019-06-06 15:30:00,DE,Solar,15138.0,49516.0,30.57
2019-06-06 16:30:00,DE,Solar,14585.0,49516.0,29.46
2019-06-06 17:30:00,DE,Solar,13789.0,49516.0,27.85
2019-06-06 18:30:00,DE,Solar,11543.0,49516.0,23.31
2019-06-06 19:30:00,DE,Solar,9341.0,49516.0,18.86
2019-06-06 20:30:00,DE,Solar,6792.0,49516.0,13.72
2019-06-06 21:30:00,DE,Solar,4334.0,49516.0,8.75
2019-06-06 22:30:00,DE,Solar,2326.0,49516.0,4.7
2019-06-06 23:30:00,DE,Solar,750.0,49516.0,1.51
2019-06-07 00:30:00,DE,Solar,58.0,49516.0,0.12
2019-06-07 01:30:00,DE,Solar,0.0,49516.0,0.0
2019-06-07 02:30:00,DE,Solar,0.0,49516.0,0.0
2019-06-07 03:30:00,DE,Solar,0.0,49519.0,0.0
2019-06-07 04:30:00,DE,Solar,0.0,49519.0,0.0
2019-06-07 05:30:00,DE,Solar,0.0,49519.0,0.0
2019-06-07 06:30:00,DE,Solar,0.0,49519.0,0.0
2019-06-07 07:30:00,DE,Solar,3.0,49519.0,0.01
2019-06-07 08:30:00,DE,Solar,282.0,49519.0,0.57
2019-06-07 09:30:00,DE,Solar,2044.0,49519.0,4.13
2019-06-07 10:30:00,DE,Solar,5909.0,49519.0,11.93
2019-06-07 11:30:00,DE,Solar,11447.0,49519.0,23.12
2019-06-07 12:30:00,DE,Solar,17646.0,49519.0,35.63
2019-06-07 13:30:00,DE,Solar,22240.0,49519.0,44.91
2019-06-07 14:30:00,DE,Solar,25941.0,49519.0,52.39
2019-06-07 15:30:00,DE,Solar,28002.0,49519.0,56.55
2019-06-07 16:30:00,DE,Solar,28343.0,49519.0,57.24
2019-06-07 17:30:00,DE,Solar,27572.0,49519.0,55.68
2019-06-07 18:30:00,DE,Solar,25000.0,49519.0,50.49
2019-06-07 19:30:00,DE,Solar,20294.0,49519.0,40.98
2019-06-07 20:30:00,DE,Solar,14308.0,49519.0,28.89
2019-06-07 21:30:00,DE,Solar,8003.0,49519.0,16.16
2019-06-07 22:30:00,DE,Solar,3274.0,49519.0,6.61
2019-06-07 23:30:00,DE,Solar,849.0,49519.0,1.71
2019-06-08 00:30:00,DE,Solar,58.0,49519.0,0.12
2019-06-08 01:30:00,DE,Solar,0.0,49519.0,0.0
2019-06-08 02:30:00,DE,Solar,0.0,49519.0,0.0
2019-06-08 03:30:00,DE,Solar,0.0,49520.0,0.0
2019-06-08 04:30:00,DE,Solar,0.0,49520.0,0.0
2019-06-08 05:30:00,DE,Solar,0.0,49520.0,0.0
2019-06-08 06:30:00,DE,Solar,0.0,49520.0,0.0
2019-06-08 07:30:00,DE,Solar,3.0,49520.0,0.01
2019-06-08 08:30:00,DE,Solar,199.0,49520.0,0.4
2019-06-08 09:30:00,DE,Solar,1222.0,49520.0,2.47
2019-06-08 10:30:00,DE,Solar,3442.0,49520.0,6.95
2019-06-08 11:30:00,DE,Solar,6632.0,49520.0,13.39
2019-06-08 12:30:00,DE,Solar,10138.0,49520.0,20.47
2019-06-08 13:30:00,DE,Solar,13764.0,49520.0,27.79
2019-06-08 14:30:00,DE,Solar,17012.0,49520.0,34.35
2019-06-08 15:30:00,DE,Solar,19992.0,49520.0,40.37
2019-06-08 16:30:00,DE,Solar,22549.0,49520.0,45.54
2019-06-08 17:30:00,DE,Solar,23483.0,49520.0,47.42
2019-06-08 18:30:00,DE,Solar,22466.0,49520.0,45.37
2019-06-08 19:30:00,DE,Solar,19351.0,49520.0,39.08
2019-06-08 20:30:00,DE,Solar,14559.0,49520.0,29.4
2019-06-08 21:30:00,DE,Solar,8850.0,49520.0,17.87
2019-06-08 22:30:00,DE,Solar,3965.0,49520.0,8.01
2019-06-08 23:30:00,DE,Solar,1159.0,49520.0,2.34
2019-06-09 00:30:00,DE,Solar,87.0,49520.0,0.18
2019-06-09 01:30:00,DE,Solar,0.0,49520.0,0.0
2019-06-09 02:30:00,DE,Solar,0.0,49520.0,0.0
2019-06-09 03:30:00,DE,Solar,0.0,49520.0,0.0
2019-06-09 04:30:00,DE,Solar,0.0,49520.0,0.0
2019-06-09 05:30:00,DE,Solar,0.0,49520.0,0.0
2019-06-09 06:30:00,DE,Solar,0.0,49520.0,0.0
2019-06-09 07:30:00,DE,Solar,5.0,49520.0,0.01
2019-06-09 08:30:00,DE,Solar,357.0,49520.0,0.72
2019-06-09 09:30:00,DE,Solar,2405.0,49520.0,4.86
2019-06-09 10:30:00,DE,Solar,7047.0,49520.0,14.23
2019-06-09 11:30:00,DE,Solar,13357.0,49520.0,26.97
2019-06-09 12:30:00,DE,Solar,19477.0,49520.0,39.33
2019-06-09 13:30:00,DE,Solar,24271.0,49520.0,49.01
2019-06-09 14:30:00,DE,Solar,26778.0,49520.0,54.08
2019-06-09 15:30:00,DE,Solar,27303.0,49520.0,55.14
2019-06-09 16:30:00,DE,Solar,25820.0,49520.0,52.14
2019-06-09 17:30:00,DE,Solar,23178.0,49520.0,46.81
2019-06-09 18:30:00,DE,Solar,19122.0,49520.0,38.61
2019-06-09 19:30:00,DE,Solar,14591.0,49520.0,29.46
2019-06-09 20:30:00,DE,Solar,9643.0,49520.0,19.47
2019-06-09 21:30:00,DE,Solar,5629.0,49520.0,11.37
2019-06-09 22:30:00,DE,Solar,2694.0,49520.0,5.44
2019-06-09 23:30:00,DE,Solar,778.0,49520.0,1.57
2019-06-10 00:30:00,DE,Solar,55.0,49520.0,0.11
2019-06-10 01:30:00,DE,Solar,0.0,49520.0,0.0
2019-06-10 02:30:00,DE,Solar,0.0,49520.0,0.0
2019-06-10 03:30:00,DE,Solar,0.0,49520.0,0.0
2019-06-10 04:30:00,DE,Solar,0.0,49520.0,0.0
2019-06-10 05:30:00,DE,Solar,0.0,49520.0,0.0
2019-06-10 06:30:00,DE,Solar,0.0,49520.0,0.0
2019-06-10 07:30:00,DE,Solar,4.0,49520.0,0.01
2019-06-10 08:30:00,DE,Solar,220.0,49520.0,0.44
2019-06-10 09:30:00,DE,Solar,1260.0,49520.0,2.54
2019-06-10 10:30:00,DE,Solar,3414.0,49520.0,6.89
2019-06-10 11:30:00,DE,Solar,6151.0,49520.0,12.42
2019-06-10 12:30:00,DE,Solar,9434.0,49520.0,19.05
2019-06-10 13:30:00,DE,Solar,14130.0,49520.0,28.53
2019-06-10 14:30:00,DE,Solar,18067.0,49520.0,36.48
2019-06-10 15:30:00,DE,Solar,19925.0,49520.0,40.24
2019-06-10 16:30:00,DE,Solar,19665.0,49520.0,39.71
2019-06-10 17:30:00,DE,Solar,17980.0,49520.0,36.31
2019-06-10 18:30:00,DE,Solar,14909.0,49520.0,30.11
2019-06-10 19:30:00,DE,Solar,11416.0,49520.0,23.05
2019-06-10 20:30:00,DE,Solar,7599.0,49520.0,15.35
2019-06-10 21:30:00,DE,Solar,4069.0,49520.0,8.22
2019-06-10 22:30:00,DE,Solar,1855.0,49520.0,3.75
2019-06-10 23:30:00,DE,Solar,536.0,49520.0,1.08
2019-06-11 00:30:00,DE,Solar,49.0,49520.0,0.1
2019-06-11 01:30:00,DE,Solar,0.0,49520.0,0.0
2019-06-11 02:30:00,DE,Solar,0.0,49520.0,0.0
2019-06-11 03:30:00,DE,Solar,0.0,49524.0,0.0
2019-06-11 04:30:00,DE,Solar,0.0,49524.0,0.0
2019-06-11 05:30:00,DE,Solar,0.0,49524.0,0.0
2019-06-11 06:30:00,DE,Solar,0.0,49524.0,0.0
2019-06-11 07:30:00,DE,Solar,5.0,49524.0,0.01
2019-06-11 08:30:00,DE,Solar,231.0,49524.0,0.47
2019-06-11 09:30:00,DE,Solar,1157.0,49524.0,2.34
2019-06-11 10:30:00,DE,Solar,3699.0,49524.0,7.47
2019-06-11 11:30:00,DE,Solar,7460.0,49524.0,15.06
2019-06-11 12:30:00,DE,Solar,11210.0,49524.0,22.64
2019-06-11 13:30:00,DE,Solar,14633.0,49524.0,29.55
2019-06-11 14:30:00,DE,Solar,16871.0,49524.0,34.07
2019-06-11 15:30:00,DE,Solar,18429.0,49524.0,37.21
2019-06-11 16:30:00,DE,Solar,18989.0,49524.0,38.34
2019-06-11 17:30:00,DE,Solar,18268.0,49524.0,36.89
2019-06-11 18:30:00,DE,Solar,16641.0,49524.0,33.6
2019-06-11 19:30:00,DE,Solar,14149.0,49524.0,28.57
2019-06-11 20:30:00,DE,Solar,10638.0,49524.0,21.48
2019-06-11 21:30:00,DE,Solar,6418.0,49524.0,12.96
2019-06-11 22:30:00,DE,Solar,3008.0,49524.0,6.07
2019-06-11 23:30:00,DE,Solar,891.0,49524.0,1.8
2019-06-12 00:30:00,DE,Solar,71.0,49524.0,0.14
2019-06-12 01:30:00,DE,Solar,0.0,49524.0,0.0
2019-06-12 02:30:00,DE,Solar,0.0,49524.0,0.0
2019-06-12 03:30:00,DE,Solar,0.0,49528.0,0.0
2019-06-12 04:30:00,DE,Solar,0.0,49528.0,0.0
2019-06-12 05:30:00,DE,Solar,0.0,49528.0,0.0
2019-06-12 06:30:00,DE,Solar,0.0,49528.0,0.0
2019-06-12 07:30:00,DE,Solar,5.0,49528.0,0.01
2019-06-12 08:30:00,DE,Solar,272.0,49528.0,0.55
2019-06-12 09:30:00,DE,Solar,1698.0,49528.0,3.43
2019-06-12 10:30:00,DE,Solar,4360.0,49528.0,8.8
2019-06-12 11:30:00,DE,Solar,7343.0,49528.0,14.83
2019-06-12 12:30:00,DE,Solar,9642.0,49528.0,19.47
2019-06-12 13:30:00,DE,Solar,11178.0,49528.0,22.57
2019-06-12 14:30:00,DE,Solar,12879.0,49528.0,26.0
2019-06-12 15:30:00,DE,Solar,14477.0,49528.0,29.23
2019-06-12 16:30:00,DE,Solar,15221.0,49528.0,30.73
2019-06-12 17:30:00,DE,Solar,15288.0,49528.0,30.87
2019-06-12 18:30:00,DE,Solar,13830.0,49528.0,27.92
2019-06-12 19:30:00,DE,Solar,12100.0,49528.0,24.43
2019-06-12 20:30:00,DE,Solar,9898.0,49528.0,19.98
2019-06-12 21:30:00,DE,Solar,6914.0,49528.0,13.96
2019-06-12 22:30:00,DE,Solar,3413.0,49528.0,6.89
2019-06-12 23:30:00,DE,Solar,1047.0,49528.0,2.11
2019-06-13 00:30:00,DE,Solar,78.0,49528.0,0.16
2019-06-13 01:30:00,DE,Solar,0.0,49528.0,0.0
2019-06-13 02:30:00,DE,Solar,0.0,49528.0,0.0
2019-06-13 03:30:00,DE,Solar,0.0,49534.0,0.0
2019-06-13 04:30:00,DE,Solar,0.0,49534.0,0.0
2019-06-13 05:30:00,DE,Solar,0.0,49534.0,0.0
2019-06-13 06:30:00,DE,Solar,0.0,49534.0,0.0
2019-06-13 07:30:00,DE,Solar,4.0,49534.0,0.01
2019-06-13 08:30:00,DE,Solar,249.0,49534.0,0.5
2019-06-13 09:30:00,DE,Solar,1828.0,49534.0,3.69
2019-06-13 10:30:00,DE,Solar,5160.0,49534.0,10.42
2019-06-13 11:30:00,DE,Solar,10448.0,49534.0,21.09
2019-06-13 12:30:00,DE,Solar,16302.0,49534.0,32.91
2019-06-13 13:30:00,DE,Solar,21554.0,49534.0,43.51
2019-06-13 14:30:00,DE,Solar,25044.0,49534.0,50.56
2019-06-13 15:30:00,DE,Solar,26464.0,49534.0,53.43
2019-06-13 16:30:00,DE,Solar,26583.0,49534.0,53.67
2019-06-13 17:30:00,DE,Solar,25150.0,49534.0,50.77
2019-06-13 18:30:00,DE,Solar,22760.0,49534.0,45.95
2019-06-13 19:30:00,DE,Solar,19150.0,49534.0,38.66
2019-06-13 20:30:00,DE,Solar,14365.0,49534.0,29.0
2019-06-13 21:30:00,DE,Solar,8964.0,49534.0,18.1
2019-06-13 22:30:00,DE,Solar,4080.0,49534.0,8.24
2019-06-13 23:30:00,DE,Solar,1192.0,49534.0,2.41
2019-06-14 00:30:00,DE,Solar,81.0,49534.0,0.16
2019-06-14 01:30:00,DE,Solar,0.0,49534.0,0.0
2019-06-14 02:30:00,DE,Solar,0.0,49534.0,0.0
2019-06-14 03:30:00,DE,Solar,0.0,49540.0,0.0
2019-06-14 04:30:00,DE,Solar,0.0,49540.0,0.0
2019-06-14 05:30:00,DE,Solar,0.0,49540.0,0.0
2019-06-14 06:30:00,DE,Solar,0.0,49540.0,0.0
2019-06-14 07:30:00,DE,Solar,5.0,49540.0,0.01
2019-06-14 08:30:00,DE,Solar,341.0,49540.0,0.69
2019-06-14 09:30:00,DE,Solar,2368.0,49540.0,4.78
2019-06-14 10:30:00,DE,Solar,6835.0,49540.0,13.8
2019-06-14 11:30:00,DE,Solar,12815.0,49540.0,25.87
2019-06-14 12:30:00,DE,Solar,18009.0,49540.0,36.35
2019-06-14 13:30:00,DE,Solar,22026.0,49540.0,44.46
2019-06-14 14:30:00,DE,Solar,24533.0,49540.0,49.52
2019-06-14 15:30:00,DE,Solar,25585.0,49540.0,51.65
2019-06-14 16:30:00,DE,Solar,24671.0,49540.0,49.8
2019-06-14 17:30:00,DE,Solar,22181.0,49540.0,44.77
2019-06-14 18:30:00,DE,Solar,18578.0,49540.0,37.5
2019-06-14 19:30:00,DE,Solar,14593.0,49540.0,29.46
2019-06-14 20:30:00,DE,Solar,10541.0,49540.0,21.28
2019-06-14 21:30:00,DE,Solar,6785.0,49540.0,13.7
2019-06-14 22:30:00,DE,Solar,3416.0,49540.0,6.9
2019-06-14 23:30:00,DE,Solar,1019.0,49540.0,2.06
2019-06-15 00:30:00,DE,Solar,88.0,49540.0,0.18
2019-06-15 01:30:00,DE,Solar,0.0,49540.0,0.0
2019-06-15 02:30:00,DE,Solar,0.0,49540.0,0.0
2019-06-15 03:30:00,DE,Solar,0.0,49541.0,0.0
2019-06-15 04:30:00,DE,Solar,0.0,49541.0,0.0
2019-06-15 05:30:00,DE,Solar,0.0,49541.0,0.0
2019-06-15 06:30:00,DE,Solar,0.0,49541.0,0.0
2019-06-15 07:30:00,DE,Solar,10.0,49541.0,0.02
2019-06-15 08:30:00,DE,Solar,250.0,49541.0,0.5
2019-06-15 09:30:00,DE,Solar,1606.0,49541.0,3.24
2019-06-15 10:30:00,DE,Solar,4563.0,49541.0,9.21
2019-06-15 11:30:00,DE,Solar,8957.0,49541.0,18.08
2019-06-15 12:30:00,DE,Solar,13900.0,49541.0,28.06
2019-06-15 13:30:00,DE,Solar,17668.0,49541.0,35.66
2019-06-15 14:30:00,DE,Solar,20278.0,49541.0,40.93
2019-06-15 15:30:00,DE,Solar,20814.0,49541.0,42.01
2019-06-15 16:30:00,DE,Solar,20684.0,49541.0,41.75
2019-06-15 17:30:00,DE,Solar,20332.0,49541.0,41.04
2019-06-15 18:30:00,DE,Solar,18872.0,49541.0,38.09
2019-06-15 19:30:00,DE,Solar,16230.0,49541.0,32.76
2019-06-15 20:30:00,DE,Solar,12280.0,49541.0,24.79
2019-06-15 21:30:00,DE,Solar,7871.0,49541.0,15.89
2019-06-15 22:30:00,DE,Solar,4075.0,49541.0,8.23
2019-06-15 23:30:00,DE,Solar,1316.0,49541.0,2.66
2019-06-16 00:30:00,DE,Solar,104.0,49541.0,0.21
2019-06-16 01:30:00,DE,Solar,0.0,49541.0,0.0
2019-06-16 02:30:00,DE,Solar,0.0,49541.0,0.0
2019-06-16 03:30:00,DE,Solar,0.0,49541.0,0.0
2019-06-16 04:30:00,DE,Solar,0.0,49541.0,0.0
2019-06-16 05:30:00,DE,Solar,0.0,49541.0,0.0
2019-06-16 06:30:00,DE,Solar,0.0,49541.0,0.0
2019-06-16 07:30:00,DE,Solar,6.0,49541.0,0.01
2019-06-16 08:30:00,DE,Solar,264.0,49541.0,0.53
2019-06-16 09:30:00,DE,Solar,1495.0,49541.0,3.02
2019-06-16 10:30:00,DE,Solar,3831.0,49541.0,7.73
2019-06-16 11:30:00,DE,Solar,6891.0,49541.0,13.91
2019-06-16 12:30:00,DE,Solar,10390.0,49541.0,20.97
2019-06-16 13:30:00,DE,Solar,13585.0,49541.0,27.42
2019-06-16 14:30:00,DE,Solar,15503.0,49541.0,31.29
2019-06-16 15:30:00,DE,Solar,16285.0,49541.0,32.87
2019-06-16 16:30:00,DE,Solar,16763.0,49541.0,33.84
2019-06-16 17:30:00,DE,Solar,16419.0,49541.0,33.14
2019-06-16 18:30:00,DE,Solar,15082.0,49541.0,30.44
2019-06-16 19:30:00,DE,Solar,13154.0,49541.0,26.55
2019-06-16 20:30:00,DE,Solar,10554.0,49541.0,21.3
2019-06-16 21:30:00,DE,Solar,7177.0,49541.0,14.49
2019-06-16 22:30:00,DE,Solar,3767.0,49541.0,7.6
2019-06-16 23:30:00,DE,Solar,1182.0,49541.0,2.39
2019-06-17 00:30:00,DE,Solar,90.0,49541.0,0.18
2019-06-17 01:30:00,DE,Solar,0.0,49541.0,0.0
2019-06-17 02:30:00,DE,Solar,0.0,49541.0,0.0
2019-06-17 03:30:00,DE,Solar,0.0,49546.0,0.0
2019-06-17 04:30:00,DE,Solar,0.0,49546.0,0.0
2019-06-17 05:30:00,DE,Solar,0.0,49546.0,0.0
2019-06-17 06:30:00,DE,Solar,0.0,49546.0,0.0
2019-06-17 07:30:00,DE,Solar,7.0,49546.0,0.01
2019-06-17 08:30:00,DE,Solar,325.0,49546.0,0.66
2019-06-17 09:30:00,DE,Solar,2195.0,49546.0,4.43
2019-06-17 10:30:00,DE,Solar,6457.0,49546.0,13.03
2019-06-17 11:30:00,DE,Solar,12650.0,49546.0,25.53
2019-06-17 12:30:00,DE,Solar,19012.0,49546.0,38.37
2019-06-17 13:30:00,DE,Solar,23597.0,49546.0,47.63
2019-06-17 14:30:00,DE,Solar,26131.0,49546.0,52.74
2019-06-17 15:30:00,DE,Solar,26771.0,49546.0,54.03
2019-06-17 16:30:00,DE,Solar,26220.0,49546.0,52.92
2019-06-17 17:30:00,DE,Solar,25013.0,49546.0,50.48
2019-06-17 18:30:00,DE,Solar,22830.0,49546.0,46.08
2019-06-17 19:30:00,DE,Solar,19570.0,49546.0,39.5
2019-06-17 20:30:00,DE,Solar,14729.0,49546.0,29.73
2019-06-17 21:30:00,DE,Solar,9300.0,49546.0,18.77
2019-06-17 22:30:00,DE,Solar,4484.0,49546.0,9.05
2019-06-17 23:30:00,DE,Solar,1405.0,49546.0,2.84
2019-06-18 00:30:00,DE,Solar,108.0,49546.0,0.22
2019-06-18 01:30:00,DE,Solar,0.0,49546.0,0.0
2019-06-18 02:30:00,DE,Solar,0.0,49546.0,0.0
2019-06-18 03:30:00,DE,Solar,0.0,49565.0,0.0
2019-06-18 04:30:00,DE,Solar,0.0,49565.0,0.0
2019-06-18 05:30:00,DE,Solar,0.0,49565.0,0.0
2019-06-18 06:30:00,DE,Solar,0.0,49565.0,0.0
2019-06-18 07:30:00,DE,Solar,4.0,49565.0,0.01
2019-06-18 08:30:00,DE,Solar,335.0,49565.0,0.68
2019-06-18 09:30:00,DE,Solar,2307.0,49565.0,4.65
2019-06-18 10:30:00,DE,Solar,6644.0,49565.0,13.4
2019-06-18 11:30:00,DE,Solar,12803.0,49565.0,25.83
2019-06-18 12:30:00,DE,Solar,18899.0,49565.0,38.13
2019-06-18 13:30:00,DE,Solar,23705.0,49565.0,47.83
2019-06-18 14:30:00,DE,Solar,26374.0,49565.0,53.21
2019-06-18 15:30:00,DE,Solar,26950.0,49565.0,54.37
2019-06-18 16:30:00,DE,Solar,26747.0,49565.0,53.96
2019-06-18 17:30:00,DE,Solar,25381.0,49565.0,51.21
2019-06-18 18:30:00,DE,Solar,22525.0,49565.0,45.45
2019-06-18 19:30:00,DE,Solar,18737.0,49565.0,37.8
2019-06-18 20:30:00,DE,Solar,13677.0,49565.0,27.59
2019-06-18 21:30:00,DE,Solar,8192.0,49565.0,16.53
2019-06-18 22:30:00,DE,Solar,3906.0,49565.0,7.88
2019-06-18 23:30:00,DE,Solar,1305.0,49565.0,2.63
2019-06-19 00:30:00,DE,Solar,130.0,49565.0,0.26
2019-06-19 01:30:00,DE,Solar,0.0,49565.0,0.0
2019-06-19 02:30:00,DE,Solar,0.0,49565.0,0.0
2019-06-19 03:30:00,DE,Solar,0.0,49571.0,0.0
2019-06-19 04:30:00,DE,Solar,0.0,49571.0,0.0
2019-06-19 05:30:00,DE,Solar,0.0,49571.0,0.0
2019-06-19 06:30:00,DE,Solar,0.0,49571.0,0.0
2019-06-19 07:30:00,DE,Solar,4.0,49571.0,0.01
2019-06-19 08:30:00,DE,Solar,318.0,49571.0,0.64
2019-06-19 09:30:00,DE,Solar,2202.0,49571.0,4.44
2019-06-19 10:30:00,DE,Solar,5962.0,49571.0,12.03
2019-06-19 11:30:00,DE,Solar,11629.0,49571.0,23.46
2019-06-19 12:30:00,DE,Solar,17596.0,49571.0,35.5
2019-06-19 13:30:00,DE,Solar,22454.0,49571.0,45.3
2019-06-19 14:30:00,DE,Solar,25457.0,49571.0,51.35
2019-06-19 15:30:00,DE,Solar,26205.0,49571.0,52.86
2019-06-19 16:30:00,DE,Solar,25695.0,49571.0,51.83
2019-06-19 17:30:00,DE,Solar,23694.0,49571.0,47.8
2019-06-19 18:30:00,DE,Solar,21152.0,49571.0,42.67
2019-06-19 19:30:00,DE,Solar,17933.0,49571.0,36.18
2019-06-19 20:30:00,DE,Solar,13257.0,49571.0,26.74
2019-06-19 21:30:00,DE,Solar,8040.0,49571.0,16.22
2019-06-19 22:30:00,DE,Solar,3640.0,49571.0,7.34
2019-06-19 23:30:00,DE,Solar,1051.0,49571.0,2.12
2019-06-20 00:30:00,DE,Solar,76.0,49571.0,0.15
2019-06-20 01:30:00,DE,Solar,0.0,49571.0,0.0
2019-06-20 02:30:00,DE,Solar,0.0,49571.0,0.0
2019-06-20 03:30:00,DE,Solar,0.0,49574.0,0.0
2019-06-20 04:30:00,DE,Solar,0.0,49574.0,0.0
2019-06-20 05:30:00,DE,Solar,0.0,49574.0,0.0
2019-06-20 06:30:00,DE,Solar,0.0,49574.0,0.0
2019-06-20 07:30:00,DE,Solar,4.0,49574.0,0.01
2019-06-20 08:30:00,DE,Solar,248.0,49574.0,0.5
2019-06-20 09:30:00,DE,Solar,1709.0,49574.0,3.45
2019-06-20 10:30:00,DE,Solar,4444.0,49574.0,8.96
2019-06-20 11:30:00,DE,Solar,7764.0,49574.0,15.66
2019-06-20 12:30:00,DE,Solar,11521.0,49574.0,23.24
2019-06-20 13:30:00,DE,Solar,15443.0,49574.0,31.15
2019-06-20 14:30:00,DE,Solar,17857.0,49574.0,36.02
2019-06-20 15:30:00,DE,Solar,18556.0,49574.0,37.43
2019-06-20 16:30:00,DE,Solar,18773.0,49574.0,37.87
2019-06-20 17:30:00,DE,Solar,17581.0,49574.0,35.46
2019-06-20 18:30:00,DE,Solar,15195.0,49574.0,30.65
2019-06-20 19:30:00,DE,Solar,12312.0,49574.0,24.84
2019-06-20 20:30:00,DE,Solar,9424.0,49574.0,19.01
2019-06-20 21:30:00,DE,Solar,6311.0,49574.0,12.73
2019-06-20 22:30:00,DE,Solar,3324.0,49574.0,6.71
2019-06-20 23:30:00,DE,Solar,1095.0,49574.0,2.21
2019-06-21 00:30:00,DE,Solar,95.0,49574.0,0.19
2019-06-21 01:30:00,DE,Solar,0.0,49574.0,0.0
2019-06-21 02:30:00,DE,Solar,0.0,49574.0,0.0
2019-06-21 03:30:00,DE,Solar,0.0,49579.0,0.0
2019-06-21 04:30:00,DE,Solar,0.0,49579.0,0.0
2019-06-21 05:30:00,DE,Solar,0.0,49579.0,0.0
2019-06-21 06:30:00,DE,Solar,0.0,49579.0,0.0
2019-06-21 07:30:00,DE,Solar,3.0,49579.0,0.01
2019-06-21 08:30:00,DE,Solar,268.0,49579.0,0.54
2019-06-21 09:30:00,DE,Solar,1975.0,49579.0,3.98
2019-06-21 10:30:00,DE,Solar,5327.0,49579.0,10.74
2019-06-21 11:30:00,DE,Solar,9956.0,49579.0,20.08
2019-06-21 12:30:00,DE,Solar,14799.0,49579.0,29.85
2019-06-21 13:30:00,DE,Solar,19044.0,49579.0,38.41
2019-06-21 14:30:00,DE,Solar,21964.0,49579.0,44.3
2019-06-21 15:30:00,DE,Solar,23089.0,49579.0,46.57
2019-06-21 16:30:00,DE,Solar,23220.0,49579.0,46.83
2019-06-21 17:30:00,DE,Solar,22076.0,49579.0,44.53
2019-06-21 18:30:00,DE,Solar,19703.0,49579.0,39.74
2019-06-21 19:30:00,DE,Solar,16589.0,49579.0,33.46
2019-06-21 20:30:00,DE,Solar,12698.0,49579.0,25.61
2019-06-21 21:30:00,DE,Solar,8105.0,49579.0,16.35
2019-06-21 22:30:00,DE,Solar,4102.0,49579.0,8.27
2019-06-21 23:30:00,DE,Solar,1333.0,49579.0,2.69
2019-06-22 00:30:00,DE,Solar,125.0,49579.0,0.25
2019-06-22 01:30:00,DE,Solar,0.0,49579.0,0.0
2019-06-22 02:30:00,DE,Solar,0.0,49579.0,0.0
2019-06-22 03:30:00,DE,Solar,0.0,49580.0,0.0
2019-06-22 04:30:00,DE,Solar,0.0,49580.0,0.0
2019-06-22 05:30:00,DE,Solar,0.0,49580.0,0.0
2019-06-22 06:30:00,DE,Solar,0.0,49580.0,0.0
2019-06-22 07:30:00,DE,Solar,4.0,49580.0,0.01
2019-06-22 08:30:00,DE,Solar,314.0,49580.0,0.63
2019-06-22 09:30:00,DE,Solar,2192.0,49580.0,4.42
2019-06-22 10:30:00,DE,Solar,6003.0,49580.0,12.11
2019-06-22 11:30:00,DE,Solar,10934.0,49580.0,22.05
2019-06-22 12:30:00,DE,Solar,15187.0,49580.0,30.63
2019-06-22 13:30:00,DE,Solar,18862.0,49580.0,38.04
2019-06-22 14:30:00,DE,Solar,21015.0,49580.0,42.39
2019-06-22 15:30:00,DE,Solar,21877.0,49580.0,44.12
2019-06-22 16:30:00,DE,Solar,21525.0,49580.0,43.41
2019-06-22 17:30:00,DE,Solar,20173.0,49580.0,40.69
2019-06-22 18:30:00,DE,Solar,17679.0,49580.0,35.66
2019-06-22 19:30:00,DE,Solar,14210.0,49580.0,28.66
2019-06-22 20:30:00,DE,Solar,10305.0,49580.0,20.78
2019-06-22 21:30:00,DE,Solar,6362.0,49580.0,12.83
2019-06-22 22:30:00,DE,Solar,3105.0,49580.0,6.26
2019-06-22 23:30:00,DE,Solar,1051.0,49580.0,2.12
2019-06-23 00:30:00,DE,Solar,132.0,49580.0,0.27
2019-06-23 01:30:00,DE,Solar,1.0,49580.0,0.0
2019-06-23 02:30:00,DE,Solar,0.0,49580.0,0.0
2019-06-23 03:30:00,DE,Solar,0.0,49580.0,0.0
2019-06-23 04:30:00,DE,Solar,0.0,49580.0,0.0
2019-06-23 05:30:00,DE,Solar,0.0,49580.0,0.0
2019-06-23 06:30:00,DE,Solar,0.0,49580.0,0.0
2019-06-23 07:30:00,DE,Solar,4.0,49580.0,0.01
2019-06-23 08:30:00,DE,Solar,274.0,49580.0,0.55
2019-06-23 09:30:00,DE,Solar,1888.0,49580.0,3.81
2019-06-23 10:30:00,DE,Solar,5506.0,49580.0,11.11
2019-06-23 11:30:00,DE,Solar,10526.0,49580.0,21.23
2019-06-23 12:30:00,DE,Solar,15900.0,49580.0,32.07
2019-06-23 13:30:00,DE,Solar,20481.0,49580.0,41.31
2019-06-23 14:30:00,DE,Solar,23784.0,49580.0,47.97
2019-06-23 15:30:00,DE,Solar,25543.0,49580.0,51.52
2019-06-23 16:30:00,DE,Solar,25412.0,49580.0,51.25
2019-06-23 17:30:00,DE,Solar,24052.0,49580.0,48.51
2019-06-23 18:30:00,DE,Solar,22285.0,49580.0,44.95
2019-06-23 19:30:00,DE,Solar,19238.0,49580.0,38.8
2019-06-23 20:30:00,DE,Solar,14419.0,49580.0,29.08
2019-06-23 21:30:00,DE,Solar,8896.0,49580.0,17.94
2019-06-23 22:30:00,DE,Solar,4129.0,49580.0,8.33
2019-06-23 23:30:00,DE,Solar,1285.0,49580.0,2.59
2019-06-24 00:30:00,DE,Solar,104.0,49580.0,0.21
2019-06-24 01:30:00,DE,Solar,0.0,49580.0,0.0
2019-06-24 02:30:00,DE,Solar,0.0,49580.0,0.0
2019-06-24 03:30:00,DE,Solar,0.0,49588.0,0.0
2019-06-24 04:30:00,DE,Solar,0.0,49588.0,0.0
2019-06-24 05:30:00,DE,Solar,0.0,49588.0,0.0
2019-06-24 06:30:00,DE,Solar,0.0,49588.0,0.0
2019-06-24 07:30:00,DE,Solar,5.0,49588.0,0.01
2019-06-24 08:30:00,DE,Solar,312.0,49588.0,0.63
2019-06-24 09:30:00,DE,Solar,2257.0,49588.0,4.55
2019-06-24 10:30:00,DE,Solar,6676.0,49588.0,13.46
2019-06-24 11:30:00,DE,Solar,12868.0,49588.0,25.95
2019-06-24 12:30:00,DE,Solar,19062.0,49588.0,38.44
2019-06-24 13:30:00,DE,Solar,24183.0,49588.0,48.77
2019-06-24 14:30:00,DE,Solar,27596.0,49588.0,55.65
2019-06-24 15:30:00,DE,Solar,29412.0,49588.0,59.31
2019-06-24 16:30:00,DE,Solar,29624.0,49588.0,59.74
2019-06-24 17:30:00,DE,Solar,28407.0,49588.0,57.29
2019-06-24 18:30:00,DE,Solar,25727.0,49588.0,51.88
2019-06-24 19:30:00,DE,Solar,21562.0,49588.0,43.48
2019-06-24 20:30:00,DE,Solar,15847.0,49588.0,31.96
2019-06-24 21:30:00,DE,Solar,9542.0,49588.0,19.24
2019-06-24 22:30:00,DE,Solar,4269.0,49588.0,8.61
2019-06-24 23:30:00,DE,Solar,1335.0,49588.0,2.69
2019-06-25 00:30:00,DE,Solar,111.0,49588.0,0.22
2019-06-25 01:30:00,DE,Solar,0.0,49588.0,0.0
2019-06-25 02:30:00,DE,Solar,0.0,49588.0,0.0
2019-06-25 03:30:00,DE,Solar,0.0,49596.0,0.0
2019-06-25 04:30:00,DE,Solar,0.0,49596.0,0.0
2019-06-25 05:30:00,DE,Solar,0.0,49596.0,0.0
2019-06-25 06:30:00,DE,Solar,0.0,49596.0,0.0
2019-06-25 07:30:00,DE,Solar,4.0,49596.0,0.01
2019-06-25 08:30:00,DE,Solar,331.0,49596.0,0.67
2019-06-25 09:30:00,DE,Solar,2275.0,49596.0,4.59
2019-06-25 10:30:00,DE,Solar,6548.0,49596.0,13.2
2019-06-25 11:30:00,DE,Solar,12495.0,49596.0,25.19
2019-06-25 12:30:00,DE,Solar,18268.0,49596.0,36.83
2019-06-25 13:30:00,DE,Solar,23060.0,49596.0,46.5
2019-06-25 14:30:00,DE,Solar,26346.0,49596.0,53.12
2019-06-25 15:30:00,DE,Solar,28071.0,49596.0,56.6
2019-06-25 16:30:00,DE,Solar,28300.0,49596.0,57.06
2019-06-25 17:30:00,DE,Solar,27216.0,49596.0,54.88
2019-06-25 18:30:00,DE,Solar,24613.0,49596.0,49.63
2019-06-25 19:30:00,DE,Solar,20658.0,49596.0,41.65
2019-06-25 20:30:00,DE,Solar,15167.0,49596.0,30.58
2019-06-25 21:30:00,DE,Solar,9211.0,49596.0,18.57
2019-06-25 22:30:00,DE,Solar,4249.0,49596.0,8.57
2019-06-25 23:30:00,DE,Solar,1406.0,49596.0,2.83
2019-06-26 00:30:00,DE,Solar,133.0,49596.0,0.27
2019-06-26 01:30:00,DE,Solar,0.0,49596.0,0.0
2019-06-26 02:30:00,DE,Solar,0.0,49596.0,0.0
2019-06-26 03:30:00,DE,Solar,0.0,49605.0,0.0
2019-06-26 04:30:00,DE,Solar,0.0,49605.0,0.0
2019-06-26 05:30:00,DE,Solar,0.0,49605.0,0.0
2019-06-26 06:30:00,DE,Solar,0.0,49605.0,0.0
2019-06-26 07:30:00,DE,Solar,4.0,49605.0,0.01
2019-06-26 08:30:00,DE,Solar,303.0,49605.0,0.61
2019-06-26 09:30:00,DE,Solar,2159.0,49605.0,4.35
2019-06-26 10:30:00,DE,Solar,6311.0,49605.0,12.72
2019-06-26 11:30:00,DE,Solar,12108.0,49605.0,24.41
2019-06-26 12:30:00,DE,Solar,17952.0,49605.0,36.19
2019-06-26 13:30:00,DE,Solar,22626.0,49605.0,45.61
2019-06-26 14:30:00,DE,Solar,25813.0,49605.0,52.04
2019-06-26 15:30:00,DE,Solar,27517.0,49605.0,55.47
2019-06-26 16:30:00,DE,Solar,27738.0,49605.0,55.92
2019-06-26 17:30:00,DE,Solar,26670.0,49605.0,53.76
2019-06-26 18:30:00,DE,Solar,24224.0,49605.0,48.83
2019-06-26 19:30:00,DE,Solar,20426.0,49605.0,41.18
2019-06-26 20:30:00,DE,Solar,15062.0,49605.0,30.36
2019-06-26 21:30:00,DE,Solar,9140.0,49605.0,18.43
2019-06-26 22:30:00,DE,Solar,4108.0,49605.0,8.28
2019-06-26 23:30:00,DE,Solar,1275.0,49605.0,2.57
2019-06-27 00:30:00,DE,Solar,106.0,49605.0,0.21
2019-06-27 01:30:00,DE,Solar,0.0,49605.0,0.0
2019-06-27 02:30:00,DE,Solar,0.0,49605.0,0.0
2019-06-27 03:30:00,DE,Solar,0.0,49616.0,0.0
2019-06-27 04:30:00,DE,Solar,0.0,49616.0,0.0
2019-06-27 05:30:00,DE,Solar,0.0,49616.0,0.0
2019-06-27 06:30:00,DE,Solar,0.0,49616.0,0.0
2019-06-27 07:30:00,DE,Solar,5.0,49616.0,0.01
2019-06-27 08:30:00,DE,Solar,279.0,49616.0,0.56
2019-06-27 09:30:00,DE,Solar,2040.0,49616.0,4.11
2019-06-27 10:30:00,DE,Solar,5919.0,49616.0,11.93
2019-06-27 11:30:00,DE,Solar,11866.0,49616.0,23.92
2019-06-27 12:30:00,DE,Solar,17855.0,49616.0,35.99
2019-06-27 13:30:00,DE,Solar,21969.0,49616.0,44.28
2019-06-27 14:30:00,DE,Solar,25123.0,49616.0,50.63
2019-06-27 15:30:00,DE,Solar,26732.0,49616.0,53.88
2019-06-27 16:30:00,DE,Solar,26925.0,49616.0,54.27
2019-06-27 17:30:00,DE,Solar,25923.0,49616.0,52.25
2019-06-27 18:30:00,DE,Solar,23739.0,49616.0,47.85
2019-06-27 19:30:00,DE,Solar,20345.0,49616.0,41.0
2019-06-27 20:30:00,DE,Solar,15472.0,49616.0,31.18
2019-06-27 21:30:00,DE,Solar,9672.0,49616.0,19.49
2019-06-27 22:30:00,DE,Solar,4364.0,49616.0,8.8
2019-06-27 23:30:00,DE,Solar,1339.0,49616.0,2.7
2019-06-28 00:30:00,DE,Solar,113.0,49616.0,0.23
2019-06-28 01:30:00,DE,Solar,0.0,49616.0,0.0
2019-06-28 02:30:00,DE,Solar,0.0,49616.0,0.0
2019-06-28 03:30:00,DE,Solar,0.0,49647.0,0.0
2019-06-28 04:30:00,DE,Solar,0.0,49647.0,0.0
2019-06-28 05:30:00,DE,Solar,0.0,49647.0,0.0
2019-06-28 06:30:00,DE,Solar,0.0,49647.0,0.0
2019-06-28 07:30:00,DE,Solar,4.0,49647.0,0.01
2019-06-28 08:30:00,DE,Solar,257.0,49647.0,0.52
2019-06-28 09:30:00,DE,Solar,1896.0,49647.0,3.82
2019-06-28 10:30:00,DE,Solar,5509.0,49647.0,11.1
2019-06-28 11:30:00,DE,Solar,10592.0,49647.0,21.33
2019-06-28 12:30:00,DE,Solar,16498.0,49647.0,33.23
2019-06-28 13:30:00,DE,Solar,21946.0,49647.0,44.2
2019-06-28 14:30:00,DE,Solar,25917.0,49647.0,52.2
2019-06-28 15:30:00,DE,Solar,28496.0,49647.0,57.4
2019-06-28 16:30:00,DE,Solar,29305.0,49647.0,59.03
2019-06-28 17:30:00,DE,Solar,28488.0,49647.0,57.38
2019-06-28 18:30:00,DE,Solar,26335.0,49647.0,53.04
2019-06-28 19:30:00,DE,Solar,22501.0,49647.0,45.32
2019-06-28 20:30:00,DE,Solar,16815.0,49647.0,33.87
2019-06-28 21:30:00,DE,Solar,10291.0,49647.0,20.73
2019-06-28 22:30:00,DE,Solar,4605.0,49647.0,9.28
2019-06-28 23:30:00,DE,Solar,1378.0,49647.0,2.78
2019-06-29 00:30:00,DE,Solar,125.0,49647.0,0.25
2019-06-29 01:30:00,DE,Solar,0.0,49647.0,0.0
2019-06-29 02:30:00,DE,Solar,0.0,49647.0,0.0
2019-06-29 03:30:00,DE,Solar,0.0,49655.0,0.0
2019-06-29 04:30:00,DE,Solar,0.0,49655.0,0.0
2019-06-29 05:30:00,DE,Solar,0.0,49655.0,0.0
2019-06-29 06:30:00,DE,Solar,0.0,49655.0,0.0
2019-06-29 07:30:00,DE,Solar,4.0,49655.0,0.01
2019-06-29 08:30:00,DE,Solar,286.0,49655.0,0.58
2019-06-29 09:30:00,DE,Solar,2149.0,49655.0,4.33
2019-06-29 10:30:00,DE,Solar,6756.0,49655.0,13.61
2019-06-29 11:30:00,DE,Solar,13209.0,49655.0,26.6
2019-06-29 12:30:00,DE,Solar,19636.0,49655.0,39.54
2019-06-29 13:30:00,DE,Solar,24669.0,49655.0,49.68
2019-06-29 14:30:00,DE,Solar,27958.0,49655.0,56.3
2019-06-29 15:30:00,DE,Solar,29722.0,49655.0,59.86
2019-06-29 16:30:00,DE,Solar,29967.0,49655.0,60.35
2019-06-29 17:30:00,DE,Solar,28818.0,49655.0,58.04
2019-06-29 18:30:00,DE,Solar,26321.0,49655.0,53.01
2019-06-29 19:30:00,DE,Solar,22313.0,49655.0,44.94
2019-06-29 20:30:00,DE,Solar,16592.0,49655.0,33.41
2019-06-29 21:30:00,DE,Solar,10188.0,49655.0,20.52
2019-06-29 22:30:00,DE,Solar,4508.0,49655.0,9.08
2019-06-29 23:30:00,DE,Solar,1325.0,49655.0,2.67
2019-06-30 00:30:00,DE,Solar,117.0,49655.0,0.24
2019-06-30 01:30:00,DE,Solar,0.0,49655.0,0.0
2019-06-30 02:30:00,DE,Solar,0.0,49655.0,0.0
2019-06-30 03:30:00,DE,Solar,0.0,49663.0,0.0
2019-06-30 04:30:00,DE,Solar,0.0,49663.0,0.0
2019-06-30 05:30:00,DE,Solar,0.0,49663.0,0.0
2019-06-30 06:30:00,DE,Solar,0.0,49663.0,0.0
2019-06-30 07:30:00,DE,Solar,3.0,49663.0,0.01
2019-06-30 08:30:00,DE,Solar,277.0,49663.0,0.56
2019-06-30 09:30:00,DE,Solar,2100.0,49663.0,4.23
2019-06-30 10:30:00,DE,Solar,6547.0,49663.0,13.18
2019-06-30 11:30:00,DE,Solar,12915.0,49663.0,26.01
2019-06-30 12:30:00,DE,Solar,19068.0,49663.0,38.39
2019-06-30 13:30:00,DE,Solar,23865.0,49663.0,48.05
2019-06-30 14:30:00,DE,Solar,27057.0,49663.0,54.48
2019-06-30 15:30:00,DE,Solar,28709.0,49663.0,57.81
2019-06-30 16:30:00,DE,Solar,28790.0,49663.0,57.97
2019-06-30 17:30:00,DE,Solar,27707.0,49663.0,55.79
2019-06-30 18:30:00,DE,Solar,25231.0,49663.0,50.8
2019-06-30 19:30:00,DE,Solar,21043.0,49663.0,42.37
2019-06-30 20:30:00,DE,Solar,15099.0,49663.0,30.4
2019-06-30 21:30:00,DE,Solar,9242.0,49663.0,18.61
2019-06-30 22:30:00,DE,Solar,4166.0,49663.0,8.39
2019-06-30 23:30:00,DE,Solar,1317.0,49663.0,2.65
2019-07-01 00:30:00,DE,Solar,131.0,49663.0,0.26
2019-07-01 01:30:00,DE,Solar,0.0,49663.0,0.0
2019-07-01 02:30:00,DE,Solar,0.0,49663.0,0.0
2019-07-01 03:30:00,DE,Solar,0.0,49668.0,0.0
2019-07-01 04:30:00,DE,Solar,0.0,49668.0,0.0
2019-06-01 05:30:00,DE,Wind,5626.0,49370.0,11.4
2019-06-01 06:30:00,DE,Wind,6451.0,49370.0,13.07
2019-06-01 07:30:00,DE,Wind,7420.0,49370.0,15.03
2019-06-01 08:30:00,DE,Wind,8462.0,49370.0,17.14
2019-06-01 09:30:00,DE,Wind,9152.0,49370.0,18.54
2019-06-01 10:30:00,DE,Wind,8151.0,49370.0,16.51
2019-06-01 11:30:00,DE,Wind,7089.0,49370.0,14.36
2019-06-01 12:30:00,DE,Wind,7300.0,49370.0,14.79
2019-06-01 13:30:00,DE,Wind,8231.0,49370.0,16.67
2019-06-01 14:30:00,DE,Wind,8295.0,49370.0,16.8
2019-06-01 15:30:00,DE,Wind,8291.0,49370.0,16.79
2019-06-01 16:30:00,DE,Wind,7881.0,49370.0,15.96
2019-06-01 17:30:00,DE,Wind,6930.0,49370.0,14.04
2019-06-01 18:30:00,DE,Wind,6115.0,49370.0,12.39
2019-06-01 19:30:00,DE,Wind,5387.0,49370.0,10.91
2019-06-01 20:30:00,DE,Wind,4463.0,49370.0,9.04
2019-06-01 21:30:00,DE,Wind,3850.0,49370.0,7.8
2019-06-01 22:30:00,DE,Wind,3043.0,49370.0,6.16
2019-06-01 23:30:00,DE,Wind,2395.0,49370.0,4.85
2019-06-02 00:30:00,DE,Wind,2400.0,49370.0,4.86
2019-06-02 01:30:00,DE,Wind,2378.0,49370.0,4.82
2019-06-02 02:30:00,DE,Wind,2151.0,49370.0,4.36
2019-06-02 03:30:00,DE,Wind,2230.0,49370.0,4.52
2019-06-02 04:30:00,DE,Wind,2825.0,49370.0,5.72
2019-06-02 05:30:00,DE,Wind,3557.0,49370.0,7.2
2019-06-02 06:30:00,DE,Wind,4668.0,49370.0,9.46
2019-06-02 07:30:00,DE,Wind,5673.0,49370.0,11.49
2019-06-02 08:30:00,DE,Wind,6822.0,49370.0,13.82
2019-06-02 09:30:00,DE,Wind,7573.0,49370.0,15.34
2019-06-02 10:30:00,DE,Wind,6805.0,49370.0,13.78
2019-06-02 11:30:00,DE,Wind,4802.0,49370.0,9.73
2019-06-02 12:30:00,DE,Wind,3951.0,49370.0,8.0
2019-06-02 13:30:00,DE,Wind,4555.0,49370.0,9.23
2019-06-02 14:30:00,DE,Wind,5639.0,49370.0,11.42
2019-06-02 15:30:00,DE,Wind,6820.0,49370.0,13.81
2019-06-02 16:30:00,DE,Wind,8106.0,49370.0,16.42
2019-06-02 17:30:00,DE,Wind,9199.0,49370.0,18.63
2019-06-02 18:30:00,DE,Wind,9589.0,49370.0,19.42
2019-06-02 19:30:00,DE,Wind,9593.0,49370.0,19.43
2019-06-02 20:30:00,DE,Wind,9160.0,49370.0,18.55
2019-06-02 21:30:00,DE,Wind,8396.0,49370.0,17.01
2019-06-02 22:30:00,DE,Wind,7733.0,49370.0,15.66
2019-06-02 23:30:00,DE,Wind,7586.0,49370.0,15.37
2019-06-03 00:30:00,DE,Wind,9774.0,49370.0,19.8
2019-06-03 01:30:00,DE,Wind,13395.0,49370.0,27.13
2019-06-03 02:30:00,DE,Wind,17984.0,49370.0,36.43
2019-06-03 03:30:00,DE,Wind,19625.0,49370.0,39.75
2019-06-03 04:30:00,DE,Wind,19611.0,49370.0,39.72
2019-06-03 05:30:00,DE,Wind,18237.0,49370.0,36.94
2019-06-03 06:30:00,DE,Wind,15434.0,49370.0,31.26
2019-06-03 07:30:00,DE,Wind,13405.0,49370.0,27.15
2019-06-03 08:30:00,DE,Wind,13820.0,49370.0,27.99
2019-06-03 09:30:00,DE,Wind,12616.0,49370.0,25.55
2019-06-03 10:30:00,DE,Wind,9700.0,49370.0,19.65
2019-06-03 11:30:00,DE,Wind,6745.0,49370.0,13.66
2019-06-03 12:30:00,DE,Wind,5343.0,49370.0,10.82
2019-06-03 13:30:00,DE,Wind,4757.0,49370.0,9.64
2019-06-03 14:30:00,DE,Wind,5533.0,49370.0,11.21
2019-06-03 15:30:00,DE,Wind,7204.0,49370.0,14.59
2019-06-03 16:30:00,DE,Wind,8624.0,49370.0,17.47
2019-06-03 17:30:00,DE,Wind,10018.0,49370.0,20.29
2019-06-03 18:30:00,DE,Wind,9845.0,49370.0,19.94
2019-06-03 19:30:00,DE,Wind,9083.0,49370.0,18.4
2019-06-03 20:30:00,DE,Wind,8543.0,49370.0,17.3
2019-06-03 21:30:00,DE,Wind,7017.0,49370.0,14.21
2019-06-03 22:30:00,DE,Wind,8222.0,49370.0,16.65
2019-06-03 23:30:00,DE,Wind,7055.0,49370.0,14.29
2019-06-04 00:30:00,DE,Wind,4964.0,49370.0,10.05
2019-06-04 01:30:00,DE,Wind,3494.0,49370.0,7.08
2019-06-04 02:30:00,DE,Wind,3158.0,49370.0,6.4
2019-06-04 03:30:00,DE,Wind,2601.0,49370.0,5.27
2019-06-04 04:30:00,DE,Wind,2068.0,49370.0,4.19
2019-06-04 05:30:00,DE,Wind,1573.0,49370.0,3.19
2019-06-04 06:30:00,DE,Wind,1756.0,49370.0,3.56
2019-06-04 07:30:00,DE,Wind,2414.0,49370.0,4.89
2019-06-04 08:30:00,DE,Wind,2984.0,49370.0,6.04
2019-06-04 09:30:00,DE,Wind,3093.0,49370.0,6.26
2019-06-04 10:30:00,DE,Wind,2501.0,49370.0,5.07
2019-06-04 11:30:00,DE,Wind,1856.0,49370.0,3.76
2019-06-04 12:30:00,DE,Wind,1513.0,49370.0,3.06
2019-06-04 13:30:00,DE,Wind,1551.0,49370.0,3.14
2019-06-04 14:30:00,DE,Wind,1897.0,49370.0,3.84
2019-06-04 15:30:00,DE,Wind,2044.0,49370.0,4.14
2019-06-04 16:30:00,DE,Wind,2514.0,49370.0,5.09
2019-06-04 17:30:00,DE,Wind,3427.0,49370.0,6.94
2019-06-04 18:30:00,DE,Wind,4628.0,49370.0,9.37
2019-06-04 19:30:00,DE,Wind,6037.0,49370.0,12.23
2019-06-04 20:30:00,DE,Wind,7863.0,49370.0,15.93
2019-06-04 21:30:00,DE,Wind,9884.0,49370.0,20.02
2019-06-04 22:30:00,DE,Wind,12899.0,49370.0,26.13
2019-06-04 23:30:00,DE,Wind,16289.0,49370.0,32.99
2019-06-05 00:30:00,DE,Wind,20433.0,49370.0,41.39
2019-06-05 01:30:00,DE,Wind,23199.0,49370.0,46.99
2019-06-05 02:30:00,DE,Wind,24313.0,49370.0,49.25
2019-06-05 03:30:00,DE,Wind,23285.0,49370.0,47.16
2019-06-05 04:30:00,DE,Wind,20440.0,49370.0,41.4
2019-06-05 05:30:00,DE,Wind,17569.0,49370.0,35.59
2019-06-05 06:30:00,DE,Wind,15566.0,49370.0,31.53
2019-06-05 07:30:00,DE,Wind,15132.0,49370.0,30.65
2019-06-05 08:30:00,DE,Wind,14086.0,49370.0,28.53
2019-06-05 09:30:00,DE,Wind,12379.0,49370.0,25.07
2019-06-05 10:30:00,DE,Wind,9667.0,49370.0,19.58
2019-06-05 11:30:00,DE,Wind,6272.0,49370.0,12.7
2019-06-05 12:30:00,DE,Wind,3693.0,49370.0,7.48
2019-06-05 13:30:00,DE,Wind,2837.0,49370.0,5.75
2019-06-05 14:30:00,DE,Wind,2431.0,49370.0,4.92
2019-06-05 15:30:00,DE,Wind,2377.0,49370.0,4.81
2019-06-05 16:30:00,DE,Wind,2508.0,49370.0,5.08
2019-06-05 17:30:00,DE,Wind,2860.0,49370.0,5.79
2019-06-05 18:30:00,DE,Wind,3451.0,49370.0,6.99
2019-06-05 19:30:00,DE,Wind,3980.0,49370.0,8.06
2019-06-05 20:30:00,DE,Wind,4879.0,49370.0,9.88
2019-06-05 21:30:00,DE,Wind,6529.0,49370.0,13.22
2019-06-05 22:30:00,DE,Wind,8368.0,49370.0,16.95
2019-06-05 23:30:00,DE,Wind,9954.0,49370.0,20.16
2019-06-06 00:30:00,DE,Wind,13450.0,49370.0,27.24
2019-06-06 01:30:00,DE,Wind,17938.0,49370.0,36.33
2019-06-06 02:30:00,DE,Wind,22713.0,49370.0,46.01
2019-06-06 03:30:00,DE,Wind,24566.0,49370.0,49.76
2019-06-06 04:30:00,DE,Wind,24140.0,49370.0,48.9
2019-06-06 05:30:00,DE,Wind,24425.0,49370.0,49.47
2019-06-06 06:30:00,DE,Wind,23838.0,49370.0,48.28
2019-06-06 07:30:00,DE,Wind,22611.0,49370.0,45.8
2019-06-06 08:30:00,DE,Wind,19829.0,49370.0,40.16
2019-06-06 09:30:00,DE,Wind,15416.0,49370.0,31.23
2019-06-06 10:30:00,DE,Wind,12435.0,49370.0,25.19
2019-06-06 11:30:00,DE,Wind,11354.0,49370.0,23.0
2019-06-06 12:30:00,DE,Wind,11501.0,49370.0,23.3
2019-06-06 13:30:00,DE,Wind,13475.0,49370.0,27.29
2019-06-06 14:30:00,DE,Wind,15209.0,49370.0,30.81
2019-06-06 15:30:00,DE,Wind,17315.0,49370.0,35.07
2019-06-06 16:30:00,DE,Wind,18583.0,49370.0,37.64
2019-06-06 17:30:00,DE,Wind,18598.0,49370.0,37.67
2019-06-06 18:30:00,DE,Wind,18523.0,49370.0,37.52
2019-06-06 19:30:00,DE,Wind,17953.0,49370.0,36.36
2019-06-06 20:30:00,DE,Wind,15497.0,49370.0,31.39
2019-06-06 21:30:00,DE,Wind,12720.0,49370.0,25.76
2019-06-06 22:30:00,DE,Wind,9964.0,49370.0,20.18
2019-06-06 23:30:00,DE,Wind,7199.0,49370.0,14.58
2019-06-07 00:30:00,DE,Wind,5463.0,49370.0,11.07
2019-06-07 01:30:00,DE,Wind,4711.0,49370.0,9.54
2019-06-07 02:30:00,DE,Wind,3866.0,49370.0,7.83
2019-06-07 03:30:00,DE,Wind,3404.0,49374.0,6.89
2019-06-07 04:30:00,DE,Wind,3386.0,49374.0,6.86
2019-06-07 05:30:00,DE,Wind,3375.0,49374.0,6.84
2019-06-07 06:30:00,DE,Wind,3293.0,49374.0,6.67
2019-06-07 07:30:00,DE,Wind,3233.0,49374.0,6.55
2019-06-07 08:30:00,DE,Wind,3635.0,49374.0,7.36
2019-06-07 09:30:00,DE,Wind,4013.0,49374.0,8.13
2019-06-07 10:30:00,DE,Wind,3771.0,49374.0,7.64
2019-06-07 11:30:00,DE,Wind,3681.0,49374.0,7.46
2019-06-07 12:30:00,DE,Wind,4798.0,49374.0,9.72
2019-06-07 13:30:00,DE,Wind,6422.0,49374.0,13.01
2019-06-07 14:30:00,DE,Wind,7375.0,49374.0,14.94
2019-06-07 15:30:00,DE,Wind,8148.0,49374.0,16.5
2019-06-07 16:30:00,DE,Wind,9368.0,49374.0,18.97
2019-06-07 17:30:00,DE,Wind,10701.0,49374.0,21.67
2019-06-07 18:30:00,DE,Wind,12179.0,49374.0,24.67
2019-06-07 19:30:00,DE,Wind,13501.0,49374.0,27.34
2019-06-07 20:30:00,DE,Wind,15088.0,49374.0,30.56
2019-06-07 21:30:00,DE,Wind,16994.0,49374.0,34.42
2019-06-07 22:30:00,DE,Wind,19080.0,49374.0,38.64
2019-06-07 23:30:00,DE,Wind,21499.0,49374.0,43.54
2019-06-08 00:30:00,DE,Wind,23240.0,49374.0,47.07
2019-06-08 01:30:00,DE,Wind,24023.0,49374.0,48.66
2019-06-08 02:30:00,DE,Wind,24324.0,49374.0,49.26
2019-06-08 03:30:00,DE,Wind,24182.0,49374.0,48.98
2019-06-08 04:30:00,DE,Wind,24050.0,49374.0,48.71
2019-06-08 05:30:00,DE,Wind,23753.0,49374.0,48.11
2019-06-08 06:30:00,DE,Wind,24197.0,49374.0,49.01
2019-06-08 07:30:00,DE,Wind,24707.0,49374.0,50.04
2019-06-08 08:30:00,DE,Wind,25774.0,49374.0,52.2
2019-06-08 09:30:00,DE,Wind,27289.0,49374.0,55.27
2019-06-08 10:30:00,DE,Wind,28168.0,49374.0,57.05
2019-06-08 11:30:00,DE,Wind,30682.0,49374.0,62.14
2019-06-08 12:30:00,DE,Wind,32117.0,49374.0,65.05
2019-06-08 13:30:00,DE,Wind,33025.0,49374.0,66.89
2019-06-08 14:30:00,DE,Wind,31930.0,49374.0,64.67
2019-06-08 15:30:00,DE,Wind,28370.0,49374.0,57.46
2019-06-08 16:30:00,DE,Wind,24862.0,49374.0,50.35
2019-06-08 17:30:00,DE,Wind,21412.0,49374.0,43.37
2019-06-08 18:30:00,DE,Wind,22230.0,49374.0,45.02
2019-06-08 19:30:00,DE,Wind,24206.0,49374.0,49.03
2019-06-08 20:30:00,DE,Wind,28567.0,49374.0,57.86
2019-06-08 21:30:00,DE,Wind,27622.0,49374.0,55.94
2019-06-08 22:30:00,DE,Wind,25692.0,49374.0,52.04
2019-06-08 23:30:00,DE,Wind,21811.0,49374.0,44.18
2019-06-09 00:30:00,DE,Wind,19556.0,49374.0,39.61
2019-06-09 01:30:00,DE,Wind,19279.0,49374.0,39.05
2019-06-09 02:30:00,DE,Wind,20006.0,49374.0,40.52
2019-06-09 03:30:00,DE,Wind,19964.0,49374.0,40.43
2019-06-09 04:30:00,DE,Wind,19982.0,49374.0,40.47
2019-06-09 05:30:00,DE,Wind,19140.0,49374.0,38.77
2019-06-09 06:30:00,DE,Wind,17827.0,49374.0,36.11
2019-06-09 07:30:00,DE,Wind,16964.0,49374.0,34.36
2019-06-09 08:30:00,DE,Wind,15815.0,49374.0,32.03
2019-06-09 09:30:00,DE,Wind,13262.0,49374.0,26.86
2019-06-09 10:30:00,DE,Wind,9748.0,49374.0,19.74
2019-06-09 11:30:00,DE,Wind,7795.0,49374.0,15.79
2019-06-09 12:30:00,DE,Wind,6981.0,49374.0,14.14
2019-06-09 13:30:00,DE,Wind,6734.0,49374.0,13.64
2019-06-09 14:30:00,DE,Wind,6349.0,49374.0,12.86
2019-06-09 15:30:00,DE,Wind,5783.0,49374.0,11.71
2019-06-09 16:30:00,DE,Wind,4700.0,49374.0,9.52
2019-06-09 17:30:00,DE,Wind,3332.0,49374.0,6.75
2019-06-09 18:30:00,DE,Wind,2519.0,49374.0,5.1
2019-06-09 19:30:00,DE,Wind,2195.0,49374.0,4.45
2019-06-09 20:30:00,DE,Wind,2252.0,49374.0,4.56
2019-06-09 21:30:00,DE,Wind,2506.0,49374.0,5.08
2019-06-09 22:30:00,DE,Wind,3232.0,49374.0,6.55
2019-06-09 23:30:00,DE,Wind,4326.0,49374.0,8.76
2019-06-10 00:30:00,DE,Wind,5787.0,49374.0,11.72
2019-06-10 01:30:00,DE,Wind,7299.0,49374.0,14.78
2019-06-10 02:30:00,DE,Wind,8016.0,49374.0,16.24
2019-06-10 03:30:00,DE,Wind,8093.0,49374.0,16.39
2019-06-10 04:30:00,DE,Wind,7898.0,49374.0,16.0
2019-06-10 05:30:00,DE,Wind,7716.0,49374.0,15.63
2019-06-10 06:30:00,DE,Wind,7872.0,49374.0,15.94
2019-06-10 07:30:00,DE,Wind,8268.0,49374.0,16.75
2019-06-10 08:30:00,DE,Wind,8526.0,49374.0,17.27
2019-06-10 09:30:00,DE,Wind,8776.0,49374.0,17.77
2019-06-10 10:30:00,DE,Wind,8435.0,49374.0,17.08
2019-06-10 11:30:00,DE,Wind,7457.0,49374.0,15.1
2019-06-10 12:30:00,DE,Wind,7231.0,49374.0,14.65
2019-06-10 13:30:00,DE,Wind,7249.0,49374.0,14.68
2019-06-10 14:30:00,DE,Wind,7554.0,49374.0,15.3
2019-06-10 15:30:00,DE,Wind,8265.0,49374.0,16.74
2019-06-10 16:30:00,DE,Wind,8741.0,49374.0,17.7
2019-06-10 17:30:00,DE,Wind,8727.0,49374.0,17.68
2019-06-10 18:30:00,DE,Wind,9219.0,49374.0,18.67
2019-06-10 19:30:00,DE,Wind,10231.0,49374.0,20.72
2019-06-10 20:30:00,DE,Wind,11200.0,49374.0,22.68
2019-06-10 21:30:00,DE,Wind,11940.0,49374.0,24.18
2019-06-10 22:30:00,DE,Wind,12310.0,49374.0,24.93
2019-06-10 23:30:00,DE,Wind,12888.0,49374.0,26.1
2019-06-11 00:30:00,DE,Wind,12730.0,49374.0,25.78
2019-06-11 01:30:00,DE,Wind,11801.0,49374.0,23.9
2019-06-11 02:30:00,DE,Wind,11506.0,49374.0,23.3
2019-06-11 03:30:00,DE,Wind,11656.0,49374.0,23.61
2019-06-11 04:30:00,DE,Wind,11005.0,49374.0,22.29
2019-06-11 05:30:00,DE,Wind,10469.0,49374.0,21.2
2019-06-11 06:30:00,DE,Wind,9951.0,49374.0,20.15
2019-06-11 07:30:00,DE,Wind,9432.0,49374.0,19.1
2019-06-11 08:30:00,DE,Wind,9390.0,49374.0,19.02
2019-06-11 09:30:00,DE,Wind,8409.0,49374.0,17.03
2019-06-11 10:30:00,DE,Wind,7251.0,49374.0,14.69
2019-06-11 11:30:00,DE,Wind,5685.0,49374.0,11.51
2019-06-11 12:30:00,DE,Wind,4457.0,49374.0,9.03
2019-06-11 13:30:00,DE,Wind,3788.0,49374.0,7.67
2019-06-11 14:30:00,DE,Wind,3279.0,49374.0,6.64
2019-06-11 15:30:00,DE,Wind,2914.0,49374.0,5.9
2019-06-11 16:30:00,DE,Wind,2780.0,49374.0,5.63
2019-06-11 17:30:00,DE,Wind,2915.0,49374.0,5.9
2019-06-11 18:30:00,DE,Wind,2796.0,49374.0,5.66
2019-06-11 19:30:00,DE,Wind,3153.0,49374.0,6.39
2019-06-11 20:30:00,DE,Wind,3296.0,49374.0,6.68
2019-06-11 21:30:00,DE,Wind,4506.0,49374.0,9.13
2019-06-11 22:30:00,DE,Wind,4974.0,49374.0,10.07
2019-06-11 23:30:00,DE,Wind,4817.0,49374.0,9.76
2019-06-12 00:30:00,DE,Wind,5842.0,49374.0,11.83
2019-06-12 01:30:00,DE,Wind,7253.0,49374.0,14.69
2019-06-12 02:30:00,DE,Wind,8465.0,49374.0,17.14
2019-06-12 03:30:00,DE,Wind,8829.0,49378.0,17.88
2019-06-12 04:30:00,DE,Wind,8732.0,49378.0,17.68
2019-06-12 05:30:00,DE,Wind,8124.0,49378.0,16.45
2019-06-12 06:30:00,DE,Wind,7104.0,49378.0,14.39
2019-06-12 07:30:00,DE,Wind,5425.0,49378.0,10.99
2019-06-12 08:30:00,DE,Wind,5282.0,49378.0,10.7
2019-06-12 09:30:00,DE,Wind,4785.0,49378.0,9.69
2019-06-12 10:30:00,DE,Wind,4197.0,49378.0,8.5
2019-06-12 11:30:00,DE,Wind,4293.0,49378.0,8.69
2019-06-12 12:30:00,DE,Wind,5472.0,49378.0,11.08
2019-06-12 13:30:00,DE,Wind,6575.0,49378.0,13.32
2019-06-12 14:30:00,DE,Wind,6773.0,49378.0,13.72
2019-06-12 15:30:00,DE,Wind,7963.0,49378.0,16.13
2019-06-12 16:30:00,DE,Wind,8734.0,49378.0,17.69
2019-06-12 17:30:00,DE,Wind,8254.0,49378.0,16.72
2019-06-12 18:30:00,DE,Wind,8889.0,49378.0,18.0
2019-06-12 19:30:00,DE,Wind,10426.0,49378.0,21.11
2019-06-12 20:30:00,DE,Wind,11485.0,49378.0,23.26
2019-06-12 21:30:00,DE,Wind,11633.0,49378.0,23.56
2019-06-12 22:30:00,DE,Wind,11289.0,49378.0,22.86
2019-06-12 23:30:00,DE,Wind,10741.0,49378.0,21.75
2019-06-13 00:30:00,DE,Wind,9283.0,49378.0,18.8
2019-06-13 01:30:00,DE,Wind,10399.0,49378.0,21.06
2019-06-13 02:30:00,DE,Wind,11789.0,49378.0,23.88
2019-06-13 03:30:00,DE,Wind,12713.0,49381.0,25.74
2019-06-13 04:30:00,DE,Wind,13042.0,49381.0,26.41
2019-06-13 05:30:00,DE,Wind,13487.0,49381.0,27.31
2019-06-13 06:30:00,DE,Wind,13317.0,49381.0,26.97
2019-06-13 07:30:00,DE,Wind,12726.0,49381.0,25.77
2019-06-13 08:30:00,DE,Wind,12195.0,49381.0,24.7
2019-06-13 09:30:00,DE,Wind,11178.0,49381.0,22.64
2019-06-13 10:30:00,DE,Wind,9294.0,49381.0,18.82
2019-06-13 11:30:00,DE,Wind,8881.0,49381.0,17.98
2019-06-13 12:30:00,DE,Wind,10300.0,49381.0,20.86
2019-06-13 13:30:00,DE,Wind,12577.0,49381.0,25.47
2019-06-13 14:30:00,DE,Wind,14524.0,49381.0,29.41
2019-06-13 15:30:00,DE,Wind,15382.0,49381.0,31.15
2019-06-13 16:30:00,DE,Wind,15042.0,49381.0,30.46
2019-06-13 17:30:00,DE,Wind,13848.0,49381.0,28.04
2019-06-13 18:30:00,DE,Wind,12391.0,49381.0,25.09
2019-06-13 19:30:00,DE,Wind,11163.0,49381.0,22.61
2019-06-13 20:30:00,DE,Wind,9043.0,49381.0,18.31
2019-06-13 21:30:00,DE,Wind,7902.0,49381.0,16.0
2019-06-13 22:30:00,DE,Wind,6956.0,49381.0,14.09
2019-06-13 23:30:00,DE,Wind,5589.0,49381.0,11.32
2019-06-14 00:30:00,DE,Wind,6593.0,49381.0,13.35
2019-06-14 01:30:00,DE,Wind,8158.0,49381.0,16.52
2019-06-14 02:30:00,DE,Wind,9207.0,49381.0,18.64
2019-06-14 03:30:00,DE,Wind,9276.0,49387.0,18.78
2019-06-14 04:30:00,DE,Wind,9619.0,49387.0,19.48
2019-06-14 05:30:00,DE,Wind,10126.0,49387.0,20.5
2019-06-14 06:30:00,DE,Wind,9636.0,49387.0,19.51
2019-06-14 07:30:00,DE,Wind,9408.0,49387.0,19.05
2019-06-14 08:30:00,DE,Wind,9677.0,49387.0,19.59
2019-06-14 09:30:00,DE,Wind,10377.0,49387.0,21.01
2019-06-14 10:30:00,DE,Wind,10115.0,49387.0,20.48
2019-06-14 11:30:00,DE,Wind,7409.0,49387.0,15.0
2019-06-14 12:30:00,DE,Wind,6377.0,49387.0,12.91
2019-06-14 13:30:00,DE,Wind,6811.0,49387.0,13.79
2019-06-14 14:30:00,DE,Wind,7694.0,49387.0,15.58
2019-06-14 15:30:00,DE,Wind,8031.0,49387.0,16.26
2019-06-14 16:30:00,DE,Wind,7878.0,49387.0,15.95
2019-06-14 17:30:00,DE,Wind,7022.0,49387.0,14.22
2019-06-14 18:30:00,DE,Wind,6931.0,49387.0,14.03
2019-06-14 19:30:00,DE,Wind,6343.0,49387.0,12.84
2019-06-14 20:30:00,DE,Wind,5428.0,49387.0,10.99
2019-06-14 21:30:00,DE,Wind,5523.0,49387.0,11.18
2019-06-14 22:30:00,DE,Wind,5653.0,49387.0,11.45
2019-06-14 23:30:00,DE,Wind,6351.0,49387.0,12.86
2019-06-15 00:30:00,DE,Wind,7765.0,49387.0,15.72
2019-06-15 01:30:00,DE,Wind,9410.0,49387.0,19.05
2019-06-15 02:30:00,DE,Wind,10963.0,49387.0,22.2
2019-06-15 03:30:00,DE,Wind,12430.0,49387.0,25.17
2019-06-15 04:30:00,DE,Wind,12940.0,49387.0,26.2
2019-06-15 05:30:00,DE,Wind,13377.0,49387.0,27.09
2019-06-15 06:30:00,DE,Wind,13268.0,49387.0,26.87
2019-06-15 07:30:00,DE,Wind,13069.0,49387.0,26.46
2019-06-15 08:30:00,DE,Wind,14536.0,49387.0,29.43
2019-06-15 09:30:00,DE,Wind,15386.0,49387.0,31.15
2019-06-15 10:30:00,DE,Wind,15419.0,49387.0,31.22
2019-06-15 11:30:00,DE,Wind,14701.0,49387.0,29.77
2019-06-15 12:30:00,DE,Wind,14802.0,49387.0,29.97
2019-06-15 13:30:00,DE,Wind,15196.0,49387.0,30.77
2019-06-15 14:30:00,DE,Wind,15211.0,49387.0,30.8
2019-06-15 15:30:00,DE,Wind,14934.0,49387.0,30.24
2019-06-15 16:30:00,DE,Wind,15147.0,49387.0,30.67
2019-06-15 17:30:00,DE,Wind,15351.0,49387.0,31.08
2019-06-15 18:30:00,DE,Wind,15869.0,49387.0,32.13
2019-06-15 19:30:00,DE,Wind,17393.0,49387.0,35.22
2019-06-15 20:30:00,DE,Wind,17159.0,49387.0,34.74
2019-06-15 21:30:00,DE,Wind,17297.0,49387.0,35.02
2019-06-15 22:30:00,DE,Wind,16670.0,49387.0,33.75
2019-06-15 23:30:00,DE,Wind,14014.0,49387.0,28.38
2019-06-16 00:30:00,DE,Wind,11919.0,49387.0,24.13
2019-06-16 01:30:00,DE,Wind,10201.0,49387.0,20.66
2019-06-16 02:30:00,DE,Wind,9188.0,49387.0,18.6
2019-06-16 03:30:00,DE,Wind,8082.0,49387.0,16.36
2019-06-16 04:30:00,DE,Wind,6958.0,49387.0,14.09
2019-06-16 05:30:00,DE,Wind,6357.0,49387.0,12.87
2019-06-16 06:30:00,DE,Wind,6873.0,49387.0,13.92
2019-06-16 07:30:00,DE,Wind,7356.0,49387.0,14.89
2019-06-16 08:30:00,DE,Wind,7639.0,49387.0,15.47
2019-06-16 09:30:00,DE,Wind,7588.0,49387.0,15.36
2019-06-16 10:30:00,DE,Wind,6571.0,49387.0,13.31
2019-06-16 11:30:00,DE,Wind,5599.0,49387.0,11.34
2019-06-16 12:30:00,DE,Wind,5071.0,49387.0,10.27
2019-06-16 13:30:00,DE,Wind,4832.0,49387.0,9.78
2019-06-16 14:30:00,DE,Wind,4981.0,49387.0,10.09
2019-06-16 15:30:00,DE,Wind,4958.0,49387.0,10.04
2019-06-16 16:30:00,DE,Wind,4643.0,49387.0,9.4
2019-06-16 17:30:00,DE,Wind,3936.0,49387.0,7.97
2019-06-16 18:30:00,DE,Wind,3543.0,49387.0,7.17
2019-06-16 19:30:00,DE,Wind,3366.0,49387.0,6.82
2019-06-16 20:30:00,DE,Wind,3533.0,49387.0,7.15
2019-06-16 21:30:00,DE,Wind,2735.0,49387.0,5.54
2019-06-16 22:30:00,DE,Wind,2154.0,49387.0,4.36
2019-06-16 23:30:00,DE,Wind,1765.0,49387.0,3.57
2019-06-17 00:30:00,DE,Wind,1456.0,49387.0,2.95
2019-06-17 01:30:00,DE,Wind,1614.0,49387.0,3.27
2019-06-17 02:30:00,DE,Wind,2092.0,49387.0,4.24
2019-06-17 03:30:00,DE,Wind,2731.0,49387.0,5.53
2019-06-17 04:30:00,DE,Wind,3477.0,49387.0,7.04
2019-06-17 05:30:00,DE,Wind,3747.0,49387.0,7.59
2019-06-17 06:30:00,DE,Wind,4238.0,49387.0,8.58
2019-06-17 07:30:00,DE,Wind,4816.0,49387.0,9.75
2019-06-17 08:30:00,DE,Wind,5065.0,49387.0,10.26
2019-06-17 09:30:00,DE,Wind,5098.0,49387.0,10.32
2019-06-17 10:30:00,DE,Wind,4479.0,49387.0,9.07
2019-06-17 11:30:00,DE,Wind,3665.0,49387.0,7.42
2019-06-17 12:30:00,DE,Wind,3421.0,49387.0,6.93
2019-06-17 13:30:00,DE,Wind,3010.0,49387.0,6.09
2019-06-17 14:30:00,DE,Wind,2507.0,49387.0,5.08
2019-06-17 15:30:00,DE,Wind,1898.0,49387.0,3.84
2019-06-17 16:30:00,DE,Wind,1385.0,49387.0,2.8
2019-06-17 17:30:00,DE,Wind,1196.0,49387.0,2.42
2019-06-17 18:30:00,DE,Wind,1228.0,49387.0,2.49
2019-06-17 19:30:00,DE,Wind,1534.0,49387.0,3.11
2019-06-17 20:30:00,DE,Wind,1945.0,49387.0,3.94
2019-06-17 21:30:00,DE,Wind,2229.0,49387.0,4.51
2019-06-17 22:30:00,DE,Wind,2442.0,49387.0,4.94
2019-06-17 23:30:00,DE,Wind,2681.0,49387.0,5.43
2019-06-18 00:30:00,DE,Wind,3858.0,49387.0,7.81
2019-06-18 01:30:00,DE,Wind,5806.0,49387.0,11.76
2019-06-18 02:30:00,DE,Wind,7680.0,49387.0,15.55
2019-06-18 03:30:00,DE,Wind,9208.0,49394.0,18.64
2019-06-18 04:30:00,DE,Wind,9780.0,49394.0,19.8
2019-06-18 05:30:00,DE,Wind,9545.0,49394.0,19.32
2019-06-18 06:30:00,DE,Wind,8728.0,49394.0,17.67
2019-06-18 07:30:00,DE,Wind,7631.0,49394.0,15.45
2019-06-18 08:30:00,DE,Wind,6962.0,49394.0,14.09
2019-06-18 09:30:00,DE,Wind,5870.0,49394.0,11.88
2019-06-18 10:30:00,DE,Wind,4156.0,49394.0,8.41
2019-06-18 11:30:00,DE,Wind,2214.0,49394.0,4.48
2019-06-18 12:30:00,DE,Wind,1861.0,49394.0,3.77
2019-06-18 13:30:00,DE,Wind,2466.0,49394.0,4.99
2019-06-18 14:30:00,DE,Wind,3411.0,49394.0,6.91
2019-06-18 15:30:00,DE,Wind,3942.0,49394.0,7.98
2019-06-18 16:30:00,DE,Wind,3975.0,49394.0,8.05
2019-06-18 17:30:00,DE,Wind,3579.0,49394.0,7.25
2019-06-18 18:30:00,DE,Wind,3182.0,49394.0,6.44
2019-06-18 19:30:00,DE,Wind,2968.0,49394.0,6.01
2019-06-18 20:30:00,DE,Wind,2949.0,49394.0,5.97
2019-06-18 21:30:00,DE,Wind,2851.0,49394.0,5.77
2019-06-18 22:30:00,DE,Wind,2957.0,49394.0,5.99
2019-06-18 23:30:00,DE,Wind,3542.0,49394.0,7.17
2019-06-19 00:30:00,DE,Wind,4766.0,49394.0,9.65
2019-06-19 01:30:00,DE,Wind,6393.0,49394.0,12.94
2019-06-19 02:30:00,DE,Wind,7339.0,49394.0,14.86
2019-06-19 03:30:00,DE,Wind,7340.0,49397.0,14.86
2019-06-19 04:30:00,DE,Wind,7085.0,49397.0,14.34
2019-06-19 05:30:00,DE,Wind,7009.0,49397.0,14.19
2019-06-19 06:30:00,DE,Wind,6718.0,49397.0,13.6
2019-06-19 07:30:00,DE,Wind,6259.0,49397.0,12.67
2019-06-19 08:30:00,DE,Wind,6760.0,49397.0,13.69
2019-06-19 09:30:00,DE,Wind,6783.0,49397.0,13.73
2019-06-19 10:30:00,DE,Wind,6157.0,49397.0,12.46
2019-06-19 11:30:00,DE,Wind,4656.0,49397.0,9.43
2019-06-19 12:30:00,DE,Wind,4160.0,49397.0,8.42
2019-06-19 13:30:00,DE,Wind,4643.0,49397.0,9.4
2019-06-19 14:30:00,DE,Wind,5758.0,49397.0,11.66
2019-06-19 15:30:00,DE,Wind,6590.0,49397.0,13.34
2019-06-19 16:30:00,DE,Wind,6314.0,49397.0,12.78
2019-06-19 17:30:00,DE,Wind,6032.0,49397.0,12.21
2019-06-19 18:30:00,DE,Wind,5552.0,49397.0,11.24
2019-06-19 19:30:00,DE,Wind,5484.0,49397.0,11.1
2019-06-19 20:30:00,DE,Wind,6165.0,49397.0,12.48
2019-06-19 21:30:00,DE,Wind,6031.0,49397.0,12.21
2019-06-19 22:30:00,DE,Wind,5681.0,49397.0,11.5
2019-06-19 23:30:00,DE,Wind,6073.0,49397.0,12.29
2019-06-20 00:30:00,DE,Wind,6924.0,49397.0,14.02
2019-06-20 01:30:00,DE,Wind,7875.0,49397.0,15.94
2019-06-20 02:30:00,DE,Wind,7643.0,49397.0,15.47
2019-06-20 03:30:00,DE,Wind,7673.0,49397.0,15.53
2019-06-20 04:30:00,DE,Wind,8654.0,49397.0,17.52
2019-06-20 05:30:00,DE,Wind,9295.0,49397.0,18.82
2019-06-20 06:30:00,DE,Wind,8823.0,49397.0,17.86
2019-06-20 07:30:00,DE,Wind,8547.0,49397.0,17.3
2019-06-20 08:30:00,DE,Wind,7665.0,49397.0,15.52
2019-06-20 09:30:00,DE,Wind,8077.0,49397.0,16.35
2019-06-20 10:30:00,DE,Wind,7827.0,49397.0,15.85
2019-06-20 11:30:00,DE,Wind,6835.0,49397.0,13.84
2019-06-20 12:30:00,DE,Wind,6610.0,49397.0,13.38
2019-06-20 13:30:00,DE,Wind,6374.0,49397.0,12.9
2019-06-20 14:30:00,DE,Wind,6344.0,49397.0,12.84
2019-06-20 15:30:00,DE,Wind,6654.0,49397.0,13.47
2019-06-20 16:30:00,DE,Wind,6898.0,49397.0,13.96
2019-06-20 17:30:00,DE,Wind,6860.0,49397.0,13.89
2019-06-20 18:30:00,DE,Wind,6383.0,49397.0,12.92
2019-06-20 19:30:00,DE,Wind,6157.0,49397.0,12.46
2019-06-20 20:30:00,DE,Wind,5754.0,49397.0,11.65
2019-06-20 21:30:00,DE,Wind,5129.0,49397.0,10.38
2019-06-20 22:30:00,DE,Wind,3978.0,49397.0,8.05
2019-06-20 23:30:00,DE,Wind,3484.0,49397.0,7.05
2019-06-21 00:30:00,DE,Wind,3216.0,49397.0,6.51
2019-06-21 01:30:00,DE,Wind,2773.0,49397.0,5.61
2019-06-21 02:30:00,DE,Wind,3076.0,49397.0,6.23
2019-06-21 03:30:00,DE,Wind,3176.0,49397.0,6.43
2019-06-21 04:30:00,DE,Wind,2876.0,49397.0,5.82
2019-06-21 05:30:00,DE,Wind,2505.0,49397.0,5.07
2019-06-21 06:30:00,DE,Wind,2640.0,49397.0,5.34
2019-06-21 07:30:00,DE,Wind,2907.0,49397.0,5.88
2019-06-21 08:30:00,DE,Wind,3508.0,49397.0,7.1
2019-06-21 09:30:00,DE,Wind,3611.0,49397.0,7.31
2019-06-21 10:30:00,DE,Wind,2496.0,49397.0,5.05
2019-06-21 11:30:00,DE,Wind,2242.0,49397.0,4.54
2019-06-21 12:30:00,DE,Wind,2838.0,49397.0,5.75
2019-06-21 13:30:00,DE,Wind,2952.0,49397.0,5.98
2019-06-21 14:30:00,DE,Wind,3492.0,49397.0,7.07
2019-06-21 15:30:00,DE,Wind,4120.0,49397.0,8.34
2019-06-21 16:30:00,DE,Wind,4249.0,49397.0,8.6
2019-06-21 17:30:00,DE,Wind,4304.0,49397.0,8.71
2019-06-21 18:30:00,DE,Wind,4255.0,49397.0,8.61
2019-06-21 19:30:00,DE,Wind,4166.0,49397.0,8.43
2019-06-21 20:30:00,DE,Wind,4344.0,49397.0,8.79
2019-06-21 21:30:00,DE,Wind,4476.0,49397.0,9.06
2019-06-21 22:30:00,DE,Wind,4398.0,49397.0,8.9
2019-06-21 23:30:00,DE,Wind,4456.0,49397.0,9.02
2019-06-22 00:30:00,DE,Wind,5051.0,49397.0,10.23
2019-06-22 01:30:00,DE,Wind,5736.0,49397.0,11.61
2019-06-22 02:30:00,DE,Wind,6088.0,49397.0,12.32
2019-06-22 03:30:00,DE,Wind,6021.0,49397.0,12.19
2019-06-22 04:30:00,DE,Wind,5877.0,49397.0,11.9
2019-06-22 05:30:00,DE,Wind,5984.0,49397.0,12.11
2019-06-22 06:30:00,DE,Wind,5822.0,49397.0,11.79
2019-06-22 07:30:00,DE,Wind,6176.0,49397.0,12.5
2019-06-22 08:30:00,DE,Wind,6676.0,49397.0,13.51
2019-06-22 09:30:00,DE,Wind,6560.0,49397.0,13.28
2019-06-22 10:30:00,DE,Wind,4655.0,49397.0,9.42
2019-06-22 11:30:00,DE,Wind,3174.0,49397.0,6.43
2019-06-22 12:30:00,DE,Wind,2801.0,49397.0,5.67
2019-06-22 13:30:00,DE,Wind,3065.0,49397.0,6.2
2019-06-22 14:30:00,DE,Wind,3664.0,49397.0,7.42
2019-06-22 15:30:00,DE,Wind,4096.0,49397.0,8.29
2019-06-22 16:30:00,DE,Wind,4298.0,49397.0,8.7
2019-06-22 17:30:00,DE,Wind,4857.0,49397.0,9.83
2019-06-22 18:30:00,DE,Wind,5729.0,49397.0,11.6
2019-06-22 19:30:00,DE,Wind,6719.0,49397.0,13.6
2019-06-22 20:30:00,DE,Wind,7433.0,49397.0,15.05
2019-06-22 21:30:00,DE,Wind,8507.0,49397.0,17.22
2019-06-22 22:30:00,DE,Wind,9591.0,49397.0,19.42
2019-06-22 23:30:00,DE,Wind,9847.0,49397.0,19.93
2019-06-23 00:30:00,DE,Wind,10661.0,49397.0,21.58
2019-06-23 01:30:00,DE,Wind,12295.0,49397.0,24.89
2019-06-23 02:30:00,DE,Wind,13134.0,49397.0,26.59
2019-06-23 03:30:00,DE,Wind,12996.0,49397.0,26.31
2019-06-23 04:30:00,DE,Wind,12701.0,49397.0,25.71
2019-06-23 05:30:00,DE,Wind,12028.0,49397.0,24.35
2019-06-23 06:30:00,DE,Wind,11660.0,49397.0,23.6
2019-06-23 07:30:00,DE,Wind,11543.0,49397.0,23.37
2019-06-23 08:30:00,DE,Wind,11262.0,49397.0,22.8
2019-06-23 09:30:00,DE,Wind,10166.0,49397.0,20.58
2019-06-23 10:30:00,DE,Wind,8062.0,49397.0,16.32
2019-06-23 11:30:00,DE,Wind,6303.0,49397.0,12.76
2019-06-23 12:30:00,DE,Wind,5727.0,49397.0,11.59
2019-06-23 13:30:00,DE,Wind,6394.0,49397.0,12.94
2019-06-23 14:30:00,DE,Wind,8364.0,49397.0,16.93
2019-06-23 15:30:00,DE,Wind,9609.0,49397.0,19.45
2019-06-23 16:30:00,DE,Wind,10398.0,49397.0,21.05
2019-06-23 17:30:00,DE,Wind,10566.0,49397.0,21.39
2019-06-23 18:30:00,DE,Wind,10370.0,49397.0,20.99
2019-06-23 19:30:00,DE,Wind,9813.0,49397.0,19.87
2019-06-23 20:30:00,DE,Wind,9685.0,49397.0,19.61
2019-06-23 21:30:00,DE,Wind,10002.0,49397.0,20.25
2019-06-23 22:30:00,DE,Wind,10338.0,49397.0,20.93
2019-06-23 23:30:00,DE,Wind,11035.0,49397.0,22.34
2019-06-24 00:30:00,DE,Wind,13683.0,49397.0,27.7
2019-06-24 01:30:00,DE,Wind,16628.0,49397.0,33.66
2019-06-24 02:30:00,DE,Wind,18097.0,49397.0,36.64
2019-06-24 03:30:00,DE,Wind,18491.0,49404.0,37.43
2019-06-24 04:30:00,DE,Wind,17711.0,49404.0,35.85
2019-06-24 05:30:00,DE,Wind,16607.0,49404.0,33.61
2019-06-24 06:30:00,DE,Wind,15870.0,49404.0,32.12
2019-06-24 07:30:00,DE,Wind,15396.0,49404.0,31.16
2019-06-24 08:30:00,DE,Wind,15654.0,49404.0,31.69
2019-06-24 09:30:00,DE,Wind,15501.0,49404.0,31.38
2019-06-24 10:30:00,DE,Wind,13262.0,49404.0,26.84
2019-06-24 11:30:00,DE,Wind,10572.0,49404.0,21.4
2019-06-24 12:30:00,DE,Wind,9948.0,49404.0,20.14
2019-06-24 13:30:00,DE,Wind,10967.0,49404.0,22.2
2019-06-24 14:30:00,DE,Wind,12101.0,49404.0,24.49
2019-06-24 15:30:00,DE,Wind,12498.0,49404.0,25.3
2019-06-24 16:30:00,DE,Wind,12321.0,49404.0,24.94
2019-06-24 17:30:00,DE,Wind,11988.0,49404.0,24.27
2019-06-24 18:30:00,DE,Wind,12078.0,49404.0,24.45
2019-06-24 19:30:00,DE,Wind,12190.0,49404.0,24.67
2019-06-24 20:30:00,DE,Wind,12286.0,49404.0,24.87
2019-06-24 21:30:00,DE,Wind,12309.0,49404.0,24.91
2019-06-24 22:30:00,DE,Wind,12578.0,49404.0,25.46
2019-06-24 23:30:00,DE,Wind,13440.0,49404.0,27.2
2019-06-25 00:30:00,DE,Wind,15880.0,49404.0,32.14
2019-06-25 01:30:00,DE,Wind,18301.0,49404.0,37.04
2019-06-25 02:30:00,DE,Wind,19453.0,49404.0,39.38
2019-06-25 03:30:00,DE,Wind,19696.0,49408.0,39.86
2019-06-25 04:30:00,DE,Wind,19107.0,49408.0,38.67
2019-06-25 05:30:00,DE,Wind,18069.0,49408.0,36.57
2019-06-25 06:30:00,DE,Wind,16971.0,49408.0,34.35
2019-06-25 07:30:00,DE,Wind,16079.0,49408.0,32.54
2019-06-25 08:30:00,DE,Wind,15319.0,49408.0,31.01
2019-06-25 09:30:00,DE,Wind,13760.0,49408.0,27.85
2019-06-25 10:30:00,DE,Wind,10059.0,49408.0,20.36
2019-06-25 11:30:00,DE,Wind,6384.0,49408.0,12.92
2019-06-25 12:30:00,DE,Wind,4656.0,49408.0,9.42
2019-06-25 13:30:00,DE,Wind,4473.0,49408.0,9.05
2019-06-25 14:30:00,DE,Wind,4949.0,49408.0,10.02
2019-06-25 15:30:00,DE,Wind,5872.0,49408.0,11.88
2019-06-25 16:30:00,DE,Wind,6745.0,49408.0,13.65
2019-06-25 17:30:00,DE,Wind,7275.0,49408.0,14.72
2019-06-25 18:30:00,DE,Wind,7208.0,49408.0,14.59
2019-06-25 19:30:00,DE,Wind,6632.0,49408.0,13.42
2019-06-25 20:30:00,DE,Wind,5362.0,49408.0,10.85
2019-06-25 21:30:00,DE,Wind,4201.0,49408.0,8.5
2019-06-25 22:30:00,DE,Wind,3460.0,49408.0,7.0
2019-06-25 23:30:00,DE,Wind,3800.0,49408.0,7.69
2019-06-26 00:30:00,DE,Wind,5034.0,49408.0,10.19
2019-06-26 01:30:00,DE,Wind,6117.0,49408.0,12.38
2019-06-26 02:30:00,DE,Wind,6615.0,49408.0,13.39
2019-06-26 03:30:00,DE,Wind,6238.0,49408.0,12.63
2019-06-26 04:30:00,DE,Wind,5563.0,49408.0,11.26
2019-06-26 05:30:00,DE,Wind,5805.0,49408.0,11.75
2019-06-26 06:30:00,DE,Wind,6874.0,49408.0,13.91
2019-06-26 07:30:00,DE,Wind,7357.0,49408.0,14.89
2019-06-26 08:30:00,DE,Wind,7732.0,49408.0,15.65
2019-06-26 09:30:00,DE,Wind,7612.0,49408.0,15.41
2019-06-26 10:30:00,DE,Wind,6740.0,49408.0,13.64
2019-06-26 11:30:00,DE,Wind,5896.0,49408.0,11.93
2019-06-26 12:30:00,DE,Wind,6118.0,49408.0,12.38
2019-06-26 13:30:00,DE,Wind,7271.0,49408.0,14.72
2019-06-26 14:30:00,DE,Wind,8796.0,49408.0,17.8
2019-06-26 15:30:00,DE,Wind,10593.0,49408.0,21.44
2019-06-26 16:30:00,DE,Wind,11587.0,49408.0,23.45
2019-06-26 17:30:00,DE,Wind,13045.0,49408.0,26.4
2019-06-26 18:30:00,DE,Wind,14717.0,49408.0,29.79
2019-06-26 19:30:00,DE,Wind,16156.0,49408.0,32.7
2019-06-26 20:30:00,DE,Wind,17240.0,49408.0,34.89
2019-06-26 21:30:00,DE,Wind,18193.0,49408.0,36.82
2019-06-26 22:30:00,DE,Wind,18617.0,49408.0,37.68
2019-06-26 23:30:00,DE,Wind,18284.0,49408.0,37.01
2019-06-27 00:30:00,DE,Wind,18278.0,49408.0,36.99
2019-06-27 01:30:00,DE,Wind,18528.0,49408.0,37.5
2019-06-27 02:30:00,DE,Wind,18070.0,49408.0,36.57
2019-06-27 03:30:00,DE,Wind,17460.0,49415.0,35.33
2019-06-27 04:30:00,DE,Wind,17573.0,49415.0,35.56
2019-06-27 05:30:00,DE,Wind,17147.0,49415.0,34.7
2019-06-27 06:30:00,DE,Wind,16489.0,49415.0,33.37
2019-06-27 07:30:00,DE,Wind,15674.0,49415.0,31.72
2019-06-27 08:30:00,DE,Wind,15461.0,49415.0,31.29
2019-06-27 09:30:00,DE,Wind,15117.0,49415.0,30.59
2019-06-27 10:30:00,DE,Wind,14536.0,49415.0,29.42
2019-06-27 11:30:00,DE,Wind,13107.0,49415.0,26.52
2019-06-27 12:30:00,DE,Wind,11941.0,49415.0,24.16
2019-06-27 13:30:00,DE,Wind,12116.0,49415.0,24.52
2019-06-27 14:30:00,DE,Wind,12218.0,49415.0,24.73
2019-06-27 15:30:00,DE,Wind,13002.0,49415.0,26.31
2019-06-27 16:30:00,DE,Wind,13338.0,49415.0,26.99
2019-06-27 17:30:00,DE,Wind,13546.0,49415.0,27.41
2019-06-27 18:30:00,DE,Wind,14111.0,49415.0,28.56
2019-06-27 19:30:00,DE,Wind,14348.0,49415.0,29.04
2019-06-27 20:30:00,DE,Wind,14794.0,49415.0,29.94
2019-06-27 21:30:00,DE,Wind,15434.0,49415.0,31.23
2019-06-27 22:30:00,DE,Wind,15351.0,49415.0,31.07
2019-06-27 23:30:00,DE,Wind,14282.0,49415.0,28.9
2019-06-28 00:30:00,DE,Wind,13752.0,49415.0,27.83
2019-06-28 01:30:00,DE,Wind,12786.0,49415.0,25.87
2019-06-28 02:30:00,DE,Wind,11910.0,49415.0,24.1
2019-06-28 03:30:00,DE,Wind,10816.0,49418.0,21.89
2019-06-28 04:30:00,DE,Wind,9348.0,49418.0,18.92
2019-06-28 05:30:00,DE,Wind,8188.0,49418.0,16.57
2019-06-28 06:30:00,DE,Wind,7452.0,49418.0,15.08
2019-06-28 07:30:00,DE,Wind,6657.0,49418.0,13.47
2019-06-28 08:30:00,DE,Wind,5594.0,49418.0,11.32
2019-06-28 09:30:00,DE,Wind,4611.0,49418.0,9.33
2019-06-28 10:30:00,DE,Wind,3257.0,49418.0,6.59
2019-06-28 11:30:00,DE,Wind,2360.0,49418.0,4.78
2019-06-28 12:30:00,DE,Wind,1789.0,49418.0,3.62
2019-06-28 13:30:00,DE,Wind,1557.0,49418.0,3.15
2019-06-28 14:30:00,DE,Wind,1604.0,49418.0,3.25
2019-06-28 15:30:00,DE,Wind,1731.0,49418.0,3.5
2019-06-28 16:30:00,DE,Wind,1904.0,49418.0,3.85
2019-06-28 17:30:00,DE,Wind,1931.0,49418.0,3.91
2019-06-28 18:30:00,DE,Wind,1970.0,49418.0,3.99
2019-06-28 19:30:00,DE,Wind,2067.0,49418.0,4.18
2019-06-28 20:30:00,DE,Wind,2199.0,49418.0,4.45
2019-06-28 21:30:00,DE,Wind,2224.0,49418.0,4.5
2019-06-28 22:30:00,DE,Wind,2341.0,49418.0,4.74
2019-06-28 23:30:00,DE,Wind,2446.0,49418.0,4.95
2019-06-29 00:30:00,DE,Wind,2997.0,49418.0,6.06
2019-06-29 01:30:00,DE,Wind,3643.0,49418.0,7.37
2019-06-29 02:30:00,DE,Wind,4040.0,49418.0,8.18
2019-06-29 03:30:00,DE,Wind,3982.0,49418.0,8.06
2019-06-29 04:30:00,DE,Wind,3686.0,49418.0,7.46
2019-06-29 05:30:00,DE,Wind,3429.0,49418.0,6.94
2019-06-29 06:30:00,DE,Wind,3414.0,49418.0,6.91
2019-06-29 07:30:00,DE,Wind,3288.0,49418.0,6.65
2019-06-29 08:30:00,DE,Wind,3333.0,49418.0,6.74
2019-06-29 09:30:00,DE,Wind,3296.0,49418.0,6.67
2019-06-29 10:30:00,DE,Wind,2722.0,49418.0,5.51
2019-06-29 11:30:00,DE,Wind,1481.0,49418.0,3.0
2019-06-29 12:30:00,DE,Wind,1359.0,49418.0,2.75
2019-06-29 13:30:00,DE,Wind,1621.0,49418.0,3.28
2019-06-29 14:30:00,DE,Wind,1727.0,49418.0,3.49
2019-06-29 15:30:00,DE,Wind,1630.0,49418.0,3.3
2019-06-29 16:30:00,DE,Wind,1700.0,49418.0,3.44
2019-06-29 17:30:00,DE,Wind,1722.0,49418.0,3.48
2019-06-29 18:30:00,DE,Wind,1669.0,49418.0,3.38
2019-06-29 19:30:00,DE,Wind,1574.0,49418.0,3.19
2019-06-29 20:30:00,DE,Wind,1508.0,49418.0,3.05
2019-06-29 21:30:00,DE,Wind,1508.0,49418.0,3.05
2019-06-29 22:30:00,DE,Wind,1659.0,49418.0,3.36
2019-06-29 23:30:00,DE,Wind,2225.0,49418.0,4.5
2019-06-30 00:30:00,DE,Wind,3713.0,49418.0,7.51
2019-06-30 01:30:00,DE,Wind,5991.0,49418.0,12.12
2019-06-30 02:30:00,DE,Wind,8012.0,49418.0,16.21
2019-06-30 03:30:00,DE,Wind,9628.0,49418.0,19.48
2019-06-30 04:30:00,DE,Wind,11331.0,49418.0,22.93
2019-06-30 05:30:00,DE,Wind,12716.0,49418.0,25.73
2019-06-30 06:30:00,DE,Wind,13850.0,49418.0,28.03
2019-06-30 07:30:00,DE,Wind,15378.0,49418.0,31.12
2019-06-30 08:30:00,DE,Wind,16460.0,49418.0,33.31
2019-06-30 09:30:00,DE,Wind,17375.0,49418.0,35.16
2019-06-30 10:30:00,DE,Wind,16160.0,49418.0,32.7
2019-06-30 11:30:00,DE,Wind,12292.0,49418.0,24.87
2019-06-30 12:30:00,DE,Wind,10544.0,49418.0,21.34
2019-06-30 13:30:00,DE,Wind,11252.0,49418.0,22.77
2019-06-30 14:30:00,DE,Wind,13437.0,49418.0,27.19
2019-06-30 15:30:00,DE,Wind,15560.0,49418.0,31.49
2019-06-30 16:30:00,DE,Wind,15638.0,49418.0,31.64
2019-06-30 17:30:00,DE,Wind,14612.0,49418.0,29.57
2019-06-30 18:30:00,DE,Wind,17168.0,49418.0,34.74
2019-06-30 19:30:00,DE,Wind,17237.0,49418.0,34.88
2019-06-30 20:30:00,DE,Wind,15886.0,49418.0,32.15
2019-06-30 21:30:00,DE,Wind,15857.0,49418.0,32.09
2019-06-30 22:30:00,DE,Wind,16273.0,49418.0,32.93
2019-06-30 23:30:00,DE,Wind,14916.0,49418.0,30.18
2019-07-01 00:30:00,DE,Wind,14060.0,49418.0,28.45
2019-07-01 01:30:00,DE,Wind,13696.0,49418.0,27.71
2019-07-01 02:30:00,DE,Wind,12995.0,49418.0,26.3
2019-07-01 03:30:00,DE,Wind,11591.0,49418.0,23.46
2019-07-01 04:30:00,DE,Wind,10253.0,49418.0,20.75
